Nom_com,Num_com,Viniféra de table,Miscat de hambourg,Chasselas blanc,Chasselas rose,Viniféra divers de cuve,Madeleine royale,Alicantes Bouschet,Aligoté,Altesse,Aramon noir,Aramon blanc,Cargignan noir,Cabernet sauvignon,Chenin blanc,Chardonnay,Cinaut,Clairette blanche,Folle blanche,Gamay,Gamay freau,Gamay Teinturier,Grand noir de la calmette,Grenache noir,Grolleau,Jaquère,Marsanne,Gros meslier,Malvoisie rose du po,mondeuse blanche,Mondeuse noire,Muscat blanc pts grain,Petit bouchet,Pinot Gris,Pinot blanc vrai,Pinot noir,Portugais bleu,Savagnin blanc traminer,Semillon,Syrah,carignan bouschet,Chatus,Corbeau,Durif,Etraire de la dui,,Limberger,Geuche noir,Gouais blanc,Hibou,St pierre dore,Molette blanche,Mornen noir,Olivette blanche,Persan,Roussanne,Riesling,Sylvaner,Verdesse,Servanin,Hybrides divers de cuves,Alicante terra 20,Black defiance,Rudelin divers,Baco 1,Bertille seyve divers,Burdin diverrs,Canada,Castel divers,Couderc Divers,Gaillard divers,Landot divers,Oberlin divers,Ravat divers,Seibel Divers,Seyve villard divers,Rupestris du lot,5 BB teleki,44 53 M,Noah,Othello,Isabelle,Jacquez,Clinton,plantier,Cépages indéterminé,Total
Aiguebelette le lac,73001,,,,,,,,,,,,,,,,,,,,,,,,,,,,,,,,,,,,,,,,,,,,,,,,,,,,,,,,,,,,,,,,,,,,,,,,,,,,,,,80,,,,100,,,180
Aiguebelette,73002,,,,,,,1423,,,,247,,,,,,,,636,,,,,,6428,,,,,3694,,,,,44,,,,,,,,,,,,,,,,,,,,,,,,,,,,,2660,2075,,,,325,5488,,,,17574,653,,,,3555,154,,,11863,,68,56887
Aigueblanche,73003,,,2212,,,,1655,,4260,,,,,,,,1688,,727,,,2641,,,700,,,,,741,,,,,,,,,,,,538,,,,,,490,3257,,,,,,,,,,,,,,,610,395,,,,,,,,,12110,100,,,,,,,,,,,32124
Aime,73006,,,,,2131,,255,,,,,,,,,,,,,,,656,,,,,,,,,,,,,,,,,,,,,400,,,,,,,,,,,,,,,,,1400,,,,,,,,,,,,,,,,,,,,,,,,,4399,9241
Aiton,73007,,,209,,250,,14201,,62,797,,,,,,,,,1100,,,3230,,,33451,,,,,53379,61,,124,,36,,,,,,,9978,76,517,,150,,,,,,,,326,,,,,,2559,268,,,1041,226,,50,,28,679,,,,63481,658,,,,18884,2573,763,,3214,265,,212636
Aix les bains,73008,,,255,,130,,19609,4100,,,,,,,480,,,,15198,,,6250,,,126076,,,,,38080,800,,650,,,,,200,,,,79602,250,,,,,,,,645,,,3050,,,,,,24433,,,,880,200,,,,100,60,1750,,1205,118297,6162,,,,,905,,,,,32712,482079
Albens,73009,,,,,,,,,270,,,,,,,,,,2838,,,,,,6010,,,,,7405,,,,,,,,,,,,33551,,,,,,,,,743,,,,,,,,767,,1200,,,200,721,,,,1562,4868,585,,,1508721,2049,,,,4476,360,,,2147,,615,1579088
Alberville,73011,,,2894,,200,,705,,4767,,,,,,,,,,2423,,,500,,,6892,130,,,,140950,,,,,1400,,,,361,,,5327,,,,,,,,,,,130,,,,,,36,,,,,200,,,,,380,,,,500,16379,500,,,,3220,,,,1154,,233916,422964
Allondza,73014,,,,,,,,,,,,,,,,,,,,,,224,,,3552,,300,,,15352,,,,,,,,,,,,875,,,,,,,,,,,,,,,,,,,,,,,,,,,,,,,,1534,210,,,,,,,,,,,22047
les Allues,73015,,,523,,1490,,10348,,,2762,,,,,,,,,1400,,,43244,,,,,,,,16988,,,,109,,1739,,,,,,,18661,,,,,2160,375,,,,,,,,,,,8888,,,,,,,,,,,,,,9989,,,,,,1780,,,,200,14806,135462
Apremont,73017,,,100,,,,,,9975,,,,,,,,,,3853,,3490,3870,,,1177579,,,,,16875,3846,,,,,,,,,,,14199,,,,,,,,,,,,828,,,,,,5265,,,,,,,,,,,,,,4970,,,,,,,,,,,5755,1250605
Arbin,73018,,,,,,,,885,1200,,,,,,,,450,,,,,,,,25558,,,,,194480,,,,,,,,,,,,5088,,,,,,,,,,,,,,,,,,6027,,,,,,,,,,,,,,24577,,,,,2779,830,,,,,,261874
Argentine,73019,,,210,,,,5740,,,,,,,,,,,,,,,,,,,,,,,1707,,,,,,,,,,,,,,,,,,,,,,,,,,,,,,,,,,7642,1748,,,,1238,14700,,2319,,184775,6454,,,,5328,30,,,75791,,15806,323488
Arvillard,73021,,,40,,,,,,,,,,,,,,,,1964,,,805,,,1334,,,,,308,,,,,,,,,,,,6030,150,,,,,,,,,,,1559,,,,,,1620,,,,810,,,,,,,,,,,,,,,1375,,,,,3074,149469,168538
Attignat oncin,73022,,,,,,,,,,,,,,,,,,,,,,,,,,,,,,,,,,,,,,,,,,,,,,,,,,,,,,,,,,,,,,,,,,,,,,,,,,3050,450,,,,,,,,,,,3500
Les avanchers,73024,,,390,,,,8753,,,,,,,,,,,,1175,,,11363,,,739,,,,,1725,,,,,,,,,,,,2339,147,,,,,3133,,,,,,,,,,,,1165,395,,,,,,,,134,,,,,8382,74,,,,,,,,,,25175,65089
Avressieux,73025,,,3724,,6727,,1905,,2622,866,,,,,305,,,,38338,,7215,7898,,,33582,,1519,,,50119,190,,350,,3284,,10491,,,,,4534,188,,,,,,,,700,,,,,,,,,355,756,,,1369,870,,,,11233,2571,822,,717,83906,1088,,,,11801,,,,1479,,6013,297537
La balme,73028,,,,,,,,,315,,,,,,,,,,540,1370,,1250,,,2125,,,,,1780,,,,,,,,,,,,3930,,,,,,,,,,,,,,,,,,3202,635,,,15,7678,415,,,18870,4340,14225,,1425,204580,2545,,,,,1610,,,,,16200,287050
Barberaz,73029,,,903,,560,,2321,,,,,,,,1300,,,,1464,,,7065,,,67744,,,,,1212,,,,,,,,,,,,19995,686,593,,,,,,,,,,4568,,,,,,13209,,,,829,,,,,,210,361,,,36481,,,,,3529,1818,,,300,530,27136,192814
Barby,73030,,,850,,,,1996,,,,,,,,,,,,465,,,1255,,,30309,,,,,20737,,,,,,,,,,,,13654,,,,,,,,,480,,,2314,,,,,,,,,,,,,,,,,,,,12982,1935,,,,7173,,,,4495,,272,98917
Bassens,73031,,,652,,,,790,,,,,,,,3875,,,,2394,,,1650,,,61561,,870,,,4512,,,,,,,,,,,,25035,370,,,,,370,,,,,,6780,,,,,,1300,,,,3068,,,,,690,200,,,,83207,900,,,,1749,300,,,700,,2812,203785
la bathie,73032,36,,328,,215,,4330,,,,,,,,,,,,120,,,,,,5200,,106,,,58144,,,,,120,,,,,,,265,924,,,,,,,,,,,,,,,,54,2539,,,,6340,7872,,,,463,,,159,1483,90041,1404,,,,6462,190,326,,49284,,4354,240759
Bellecombe,73038,,,533,,,,1336,,,,,,,,,,,,2640,,,10031,,,302,,,,,345,,,,,,,,,,,,775,,,,,,,,,,,,,,,,,,,,,,,,,,,,,,,,17829,,,,,,,,,,,2006,35797
Belleentre,73038,,,,,,,,,,,,,,,,,,,,,,325,,,,,,,,,,,,,,,3284,520,,,,2307,,,,,,,,,1552,,,240,,,,,4006,203,,,,5729,260,,,,,,,,,1072,,,,,,,,,,,5072,24570
Belmont tramonet,73039,,,1355,,300,,1668,614,1901,,,,,,1223,470,,,19980,,,2628,,,25521,,,,,34030,,,,,,,,,,,,,,,,,,,,,,,,,,,,,,,,,,,,,,486,7576,645,1920,,1168,63613,5248,,,,19422,622,,,6799,,8004,205193
Betton bettonet,73041,,,1095,,,,974,,,,,,,,,,,,1631,,,8954,,,17065,,,,,6122,,,224,,,235,,,,,946,27285,,745,,,,,,,,,,1161,,,,,,,,,,296,,,,,840,,,,,9227,,,,,,3616,,,,,2540,82956
Billieme,73042,,,,,705,,,17534,7961,,,,,,3787,,,,11445,,1436,,,,57112,,,,,27553,,,,,,,,,,,,151999,,,,,,1810,,,655,,,,388,,,,,3315,,,,,,,,,,,1260,,2150,2877,,,,,,306,,,,,,292293
La biolle,73043,,,1135,,,,4352,3232,907,,,,,,1421,,650,,10725,,,3358,,,32226,,600,,,21369,499,,140,,390,,,,,,,57771,,,,,,,,,110,,,995,,,,,,21466,861,,,5462,187,,,,6288,704,585,195,,113126,3664,,,,6639,1328,,,4043,,16722,321150
Le Bois,73045,,,4416,,15188,,5620,,,,,,,,,,,,14237,,,14948,,,1076,,,,,2760,,,,,,,,,,,,1774,,,,,198,,1858,,,,,,,,,,,,,,,,,,,,504,,,,423,2512,,,,,,,,,,,10299,75813
Bonneval,73047,,,,,,,,,,,,,,,,,,,,,,,,,,,,,,,,,,,,,,,,,,,,,,,,,,,,,,,,,,,,,,,,,,,,,,,,,,,,,,,,,,,,,19080,19080
Bonvillard,73048,,,,,80,,6040,,,3170,,,,,,,,,725,,,8006,,,14517,,,,,74864,,,,,,,,,,,,4971,25,1664,,678,,,,,,,,,,,,,,,,,,140,,,,,,,130,,,9092,441,,,,240,,115,,681,,2637,128216
Bonvillaret,73049,,,,,,,6299,,,1678,,,,,,,,,,,,2374,,,8120,,,,,53687,,,,,,,,,,,,1265,,1755,,,,,,,,,,,,,,,,,,,,600,,,,,,,,,,10221,450,,,,136,,,,710,,8527,95822
Bourdeau,73050,,,,,,,2188,1480,,,,,,,,,,,100,,,,,,26804,,,,,1800,,,,,,,,,,,,13265,220,,,,,,,,,,,330,,,,,,3170,,,,,,,,,,,,,350,15465,,,,,,,,,,610,10861,76643
Le bourget du lac,73051,,,3489,,,,14653,,600,,,,,,700,,,,7363,,,2135,,,107209,,,,,21998,,,,,,,,,,,,89304,1507,600,,,,15469,,,,,,14541,,,,,,41198,,,,1875,,,,,5422,269,,,,28380,749,,,,310,,,,,,5694,363465
Le bourget en huile,73052,,,,,,,,,,,,,,,,,,,,,,,,,220,,,,,,,,,,,,,,,,,220,,,,,,,,,,,,,,,,,,,,,,,,,,,,,,,,,,,,,,,,,,,800,1240
Bourgneuf,73053,,,,,,,912,,,,,,,,,,,,,,,,,,16150,,,,,1635,,,,,,,,,,,,210,,,,,,,,,,,,30,,,,,,,,,,19744,,,,,,,,,,95154,,,,,685,10878,,,15838,,,161236
Bozel,73055,,,,,,,,,,,,,,,,,,,,,,535,,,,,,,,,,,,,,,,,,,,,500,,,,,,,,,,,,,,,,,,,,,,,,,,,,,,,,,,,,,,,,,,,1035
Brides les bains,73057,,,400,,,,,,,,,,,,,,,,1414,,,8722,,,,,,,,3197,,,,,,500,,,,,,150,,,,,,183,914,,,,,,,,,,,,,,,,,,,,,,,,,5756,,,,,,,,,,,,21236
La bridoire,73058,,,,,,,700,,,,,,,,,,,,600,,,,,,2980,,,,,1030,,,600,,,,,,,,,500,,,,,,,,,,,,,,,,,,,,,,12950,,,,730,400,1740,250,300,,53200,1000,,,,500,200,,,,,15700,93380
Brison saint Innocent,73059,,,270,,,,520,2176,7836,,,,779,,7054,,260,,27355,,,,,,88651,,,131,,178841,,,,,,,,,270,,,85677,,,,,,,,,809,,,,,,,,,,,206,,329,,,,,,,3000,,10644,16995,170,,,,,,,,,,300,432273
Cesarches,73061,,,553,,,,678,,,,,,,,,,,,337,,,,,,1381,,,,,20338,,,,,,,,,,,,500,,,,,,,,,,,,,,,,,,6130,,,,743,,,,,,,35,168,35,14769,,,,,1123,,,,,,,46790
Cessens,73062,,,,,,,,,,,,,,,,,,,150,,,,,,,,,,,,,,,,,,,,,,,,,,,,,,,,,,,,,,,,,,,,,,,,,,,,,,,5954,,,,,,,,,,,,6104
Cevins,73063,,,,,551,,2433,,,,,,,,,,,,,,,1685,,,6716,,,,,47967,,,,,,,,,,,,3697,,,,,150,,,,,,,80,,,,,,995,,,,500,,,,,,200,629,,200,26879,1897,,,,330,,,,2145,,2618,99672
Challes les eaux,73064,,,,,,,4008,,,,,,,,,,,,836,,,2917,,,116731,,,,,17160,,,,,,,,,,,,38837,,900,,,,,,,,,,1540,,,,,,11190,,,,460,,,,,430,6254,734,,,32340,1479,,,,11683,4487,170,,792,,29724,282672
Chambery,73065,,,1546,,618,,7906,250,400,,,,,,5090,,,,10469,,450,34536,,,104052,,3765,,,2750,,,,,500,1285,,,225,,,144061,1060,12579,,,,2260,,,810,,,37022,,,,,,82702,,,,1665,,,,,,612,4709,,3439,99311,3140,,,,2651,600,,,120,,21895,592478
La chambre,73067,,,,,,,153,,,,,,,,,,,,153,,,153,,,500,,,,,,,,,,,,,,,,,,153,,,,,,,,,,,,,,,,,,,,,,,,,,,,,,,153,,,,,,,,,,,64147,65412
Chamousset,73068,,,,,180,,,,,,,,,,,,,,,,,,,,1980,,,,,,,,,,,,,,,,,400,,,,,,,,,,,,,,,,,,,,,,,,,,,,,,,,5881,,,,,1897,,,,,,65750,76088
Chamoux su gelon,73069,,,,,,,7683,,,,,,,,,,,,1156,,440,,,,6838,,,,,1806,,,,,143,,105,,,,,15221,,,,,,,,,,,,1302,,,,,,1136,,,,,,,,,,3607,,,,118227,1518,,,,1704,190,,,2594,1290,130123,295083
Champagneux,73070,,,1132,,,,,,4739,,,,,,670,,570,,10029,,,4955,,,10331,,324,,,17888,,,,,,,,,,,,369,,,,,,,,,1132,,,,,,,,4388,775,,,,,,,,570,16901,1116,9467,,326,156453,775,,,,4162,,,,,,38958,286030
Champ laurent,73072,,,,,,,360,,,,,,,,,,,,,,,263,,,505,,,,,1522,,,,,,,,,,,,3289,,,,,,,,,,,,396,,,,,,,,,,,,,,,,,,,,830,,,,,,672,,,240,,,8077
Chanaz,73073,,,,,1513,,,,,,,,,,100,,,,12025,,,,,,80797,,,,,25960,,,,,,,,,,,,27555,,,,,,,395,,,,,,,,,,,3640,,,,,,,,,,3185,532,,,30927,765,,,,,4175,,,,,5370,196939
La chapelle,73074,,,575,,2689,,7707,,,1037,,,,,,,,,1285,,,6409,,,1585,,,,,2777,,,,,239,,,,,,,195,,497,,,,213,,,,,,712,,,,,,,3652,,,357,607,,,,6992,4635,2886,,,41234,3923,,,,1828,918,,,3186,,30705,126843
La chapelle blanche,73075,,,,,,,1060,,,,,,,,,,,,,,,,,,138116,,,,,11122,,,,,,,,,,,,113837,,424,,,,,,,,,,8620,,,,,,,,,,,,,,,,,,,2052,943,,,,,,,,,,,,276174
La chapelle du mont du chat,73076,,,,,3109,,,70,4149,150,,,,,70,,,,451,,,,,,14478,,,,,19765,,,,,,,,,,,,23894,,,,,,222,600,,742,,,,,,,,,,,,,,,,,,220,,,,,5692,,,,,583,41,,,,,237,74473
La chapelle saint martin,73078,,,186,,4512,,1271,,,,,,,,,,,,7252,,,1350,,,9753,773,1270,,,14523,,,,,,,,,,,,27297,108,,,,,,,,,,,,,,,,,2500,,,,,,,,,,,1050,,,33423,,,,,,,,,,,,105268
Chateauneuf,73079,,,570,,,,15658,,,,,,,,,,,,2908,,,17372,,,43355,,,,,30698,,,,,,,,,,,,108802,,700,,,,,,,,,,10033,,,,,,3775,,,,7398,,,,,,,,,,39976,1200,,,,,660,180,,,,1500,284785
Le chatel,73080,,,,,11458,,13932,,,884,,,,,,,,100,7907,75,,17222,,,6672,,,,,1544,,,,,194,26,,,,,,8168,1398,,,,,,,,,,,290,,,,,,8649,,,,7,212,,,1836,39,,,,158,18116,31,,,,187,,,,,,9608,108713
La chavanne,73082,,,,,,,6015,,,,,,,,,,,,215,,,1875,,,95011,,,,,600,,,,,,,,,,,,55658,874,,1027,,,,,,,,,4016,,,,,,3510,,,,310,,,,,700,,,,945,42424,1525,,,,4450,5965,,,200,,170,225490
Les chavanenes en maurienne,73083,,,,,584,,11300,,,,,,,,,,,,347,,,6664,,,280,,,,,960,,,,,72,,,,,,,274,433,,,,,,78,,,,,376,,,,,,,,,,,,,,,,,,,,6829,,,,,,,,,,,274,28471
Chignin,73084,,,,,,,,,1430,,,,,,,,150,,,,,982,,,947698,,,,,184554,,,,,,,,,,,,53018,,,,,,,,,,,,116,13462,,,,,,,,,,,,,,,,,,4897,75781,,,,,,,,,,,,1282088
Chindrieux,73085,,,390,,,,9510,22973,8780,,,,,,2100,,970,,141189,,,,600,,245360,,,4285,,110040,,,,,680,150,,2825,,,,44400,,,,,,,300,,10385,,,,,,,,,3933,,,,,,,525,,,,3190,,,60270,4215,,,,,1265,275,,200,,1600,680410
Cognin,73087,,,,,,,2180,,,,,,,,6020,,,,1560,,,2530,,,42080,,,,,9130,,,,,,500,,,,,,49500,5300,400,,,,850,,,,,,3230,,,,,,6260,,,,660,,,,,,,,,,27790,1780,,,,930,,,,,,2000,162700
Coise Saint jean pied gauthier,73089,,,,,440,,18095,,,,,1400,,,,,,,4850,1910,,34585,,,96821,,,,,4845,,,,,150,,,,,,3315,90953,706,,,,,,,,,,,16811,,,,,,,,,,5156,,,,,,480,680,,2218,115904,965,,,,2370,26090,,,800,,11760,441304
Conjux,73091,,,,,720,,2053,160,208,,,,,,,,231,,1599,,,,,,33092,,,,,4741,,,,,,,,,,,,35764,,,,,,,2352,,340,,,,,,,,,,,,,,,,,,,,,,,6126,375,,,,,170,,,,,2002,89933
La cote d'aime,73093,,,,,,,,,,,,,,,,,,,,,,818,,,,,,,,200,,,,,,,,,,,,390,,,,,,,,,,,,,,,,,,,,,,150,200,,,,3181,,,,,15893,600,,,,,,,,,,50027,71459
La croix de la rochette,73095,,,,,,,,,,,,,,,,,,,6242,,,559,,,18924,,,,,,,,,,,,,,,,,5643,,,,,,,,,,,,5127,,,,,,,,,,,,,,,,,,,,15984,,,,,,,,,,,,52479
Cruet,73096,,,1436,,1200,,14008,2070,9434,,,,,,,,3274,,9749,,,11884,,,274906,,,,,85238,,,,1554,5379,,,,2820,,7567,16553,,5070,857,,,,,,,,,2897,,,,,,1320,,,,,,,,,300,,,,440,24452,2080,,,,1528,17348,,,,,1818,505182
Curienne,73097,,,,,,,,,,,,,,,,,,,,,,240,,,112330,,,,,7591,,,,,,,,,,,,425,,,,,,,,,,,,,,,,,,,,,,,,,,,,,,,,15893,,,,,,579,,,,,1975,139033
Detrier,73099,,,,,,,1121,,,,,,,,,,,,5049,,,282,,,11473,,,,,5438,,,,,,,,,,,,4452,,1539,1200,,,,,,,,,,,,,,,2245,,,,333,,,,,,,,,,4630,,,,,,601,,,,,,38363
Domessin,73100,,,,,,,1200,,710,,,,,,864,,,,340,,,,,,8999,,240,,,32482,,,,,,,,,,,,1440,,,,,,,,,,,,,,,,,,,1290,,,22694,2115,,,2345,45985,4020,2450,2100,1560,223064,11398,,,,22834,440,,,10120,,,398690
Doucy,73101,,,,,,,636,,,,,,,,,,,,614,,,457,,,,,,,,,,,,,,,,,,,,,,,,,,,,,,,,,,,,,,,,,,,,,,,,,,,,802,,,,,,,,,,,409,2918
Drumettaz Clarafond,73103,,,,,,,1809,,,,,,,,,,,,19910,,,777,,,92282,,,,,41545,,,,,,,,,,,,78901,435,1273,,,,,,,598,,,1545,,352,,,,,,,,,,,,,,237,3882,,1010,37566,990,,,,1755,3875,,,,674,119920,409336
Dullin,73104,,,,,,,774,,,,,,,,,,,,,,,,,,,,,,,,,,,,,,,,,,,,,,,,,,,,,,,,,,,,,600,,,,4786,,,,,,666,,1637,,3444,,,,,696,,,,1451,,,14054
Les Echelles,73105,,,,,,,,,,200,,,,,,,,,,,,,,,2165,,,,,234,,,,,,,,,,,,460,,,,,,,,,,,,1500,,,,,,,,,,,,,,,,,,,,800,200,,,,,,,,,,,5559
Entremont le vieux,73107,,,,,,,,,,,,,,,,,,,,,,,,,31037,,,,,,,,,,,,,,,,,,,,,,,,,,,,,,,,,,,,,,,,,,,,,,,,,,,,,,,,,,,,,31037
Epersy,73108,,,,,,,2438,770,,,,,,,100,,,,1449,,,,,,7049,,,,,439,,,,,,,,,,,,20555,,,,,,,,,470,,,379,,,,,,2535,136,,,,,,,,180,,,,,29804,272,,,,6374,585,,,98,,668,74301
Epierre,73109,,,,,4487,,200,,,,,,,,,,,,,,,1211,,,2220,,,,,806,,,,,,,,,,,,630,,,,,,,,,,,,815,,,,,,550,120,,,440,300,,,,1690,840,,,,26180,685,,,,1244,100,210,,2495,,1070,46293
Essert blay,73110,,,,,,,,,,,,,,,,,,,,,,,,,2722,,,,,17563,,,,,,,,,,,,600,,,,,,,,,,,,,,,,,,,,,,1550,120,,,,905,600,,60,,45136,80,,,,5575,,,,28951,,1116,104978
Etable,73111,,,,,178,,,,,,,,,,,,,,,,,,,,,,,,,,,,,,,,,,,,,,,,,,,,,,,,,,,,,,,,,,,83,,,,,,,,,,200,,,,,44,,,,50,,,555
Feissons sur isère,73112,,,,,,,3393,,,214,,,,,,,,,,,,427,,,827,,,,,24127,,,,,,,,,,,,214,,,50,,,,,,,,,,,,,,,,,,,110,1249,,,,183,,1072,,469,39017,1959,,,,,,,,,326,3139,76776
Faissons sur salins,73113,,,,,,,500,,,449,,,,,,,,,200,,,1200,,,100,,,,,2152,,,,,,,,,,,,1732,1390,,,,,,,,,,,,,,,,,,,,,,,,,,,,,,,2282,,,,,,198,,,,,7815,18018
Fontaine le puits,73115,,,,,,,1950,,,290,,,,,,,,,325,,,1752,,,,,,,,1893,,,,,,,,,,,,765,865,,,,,,,,,,,,,,,,,,,,,,,,,,,,,,,1575,,,,,,2333,,,,,,11748
Fontcouverte,73116,,,,,,,11774,,,,,,,,,,,,,,,18327,,,430,,,,,,,,,,,,,,,,,3133,440,,,,,,,,,,,700,,,,,,,,,,,,,,,,,,,,8356,,,,,,,,,,,41579,84739
Francin,73118,,,,,,,1796,,1100,,,,,,,,,,3147,,,485,,,92278,,,,,23144,,,,,1200,,,,,,8029,4727,,,,,,,,,,,,,1298,,,,,3121,875,,,1730,,,1000,,4080,1747,,,,94761,650,,,,11198,16674,,,400,,,273440
Freterive,73120,,,,,,,12561,700,,500,,,,,,,325,,8239,,,6981,,,52911,,,,,50166,140,,,,3555,50,,,330,,,6993,100,2030,80,,,,,,,,,650,,,,,,200,,,255,620,,,,,,,5019,,665,86160,30591,,7391,4350,,16364,,,50,,,297976
Frontenex,73121,,,367,,,,,,,,,,,,,,,,,,,,,,5460,,,,,4804,,,,,,,,,,,,6894,,,,,,,,,,,,,,,,,,350,,,,,,,,,,,,,,32045,140,,,,275,,,,,,690,51025
Gerbaix,73122,,,,,,,,,,,,,,,,,,,686,,,,,,,,,,,686,,,,,,,,,,,,841,,,,,,,,,,,,,,,,,,400,,,,1362,,,,,,1680,500,,,13131,400,,,,,,,,,,,19686
Gilly sur isère,73124,,,3464,,,,2150,,113,,,,,,,,270,,2030,,,,,,8922,,1434,,,35784,,,,,28,,,,,,,23254,325,,,,,,150,,,,,400,,,,,,1470,,,,4873,710,,,,852,1833,,,,94657,1915,,,,14754,1140,670,,7505,,10397,219100
Granier,73126,,,,,,,,,,,,,,,,,,,,,,,,,,,,,,,,,,,,,,,,,,,,,,,,,,,,,,,,,,,,,,,,,,,,,,,,,,,,,,,,,,,,,57024,57024
Gressin,73127,,,400,,600,,1440,2000,2780,,,,,1100,,,,,30020,,,12155,,,8435,,,,,38505,,,,,,,,,,,,,,,,,,,,,1000,,,,,,,500,,900,980,,,1230,,,,,9080,160,1540,,,59535,15150,,,,,,,,,,1070,188580
Gresy sur aix,73128,,,922,,12650,,19760,1394,,,,,,,40,,,,1945,,160,2908,,,52905,,,,,26871,,,70,,,,,,,,,62690,,625,200,,,,,,,,,22708,,,,,,26032,,,,344,,,,,2804,100,370,1455,,116062,2067,,,,7782,5457,,480,1060,,22838,392699
Gresy sur isère,73129,,,,,450,,,,,,,,,,,,,,,,,230,,,7276,,,,,6687,,,,,,,,,,,,,,,,,,,,,,,,,,,,,,58490,,,,,,,,,,,,,375,58903,2454,180,,,3115,5004,,,,,13122,156286
Grignon,73130,,,30,,,,102,,,,,,,,,,,,,,,,,,114,,,,,3748,,,,,,,,,,,,1580,,,,,,,60,,,,,,,,,,610,517,1094,,,10213,888,,,,2352,3649,,316,,39816,543,,,,26942,,6,,20855,,3059,116494
Hautecour,73131,,,20,,,,1778,,,88,,,,,,,,,115,,,1076,,,298,,,,,168,,,,,,,,,,,,385,340,,,,,,210,,,,,,,,,,,120,,,,,,,,,,,,,,175,,,,,,65,,,,,63394,68232
Hauteville,73133,,,1657,,,,2581,,,,,,,,,,,,7513,780,,17965,,,40801,,,,,12759,,,,,,,410,,,,,44507,,710,650,,,,,,,,,9175,,,,,,350,,,,1604,,,,,420,,1596,,200,23089,1890,,,,,,,,,,,168657
Hermillon,73135,,,,,,,22271,,,2343,,,,,,,,,,,,37921,,,715,,,,,,,,,,263,,,,,,,,10739,,,,,,,,,,,,,,,,,,,,,,,,,,,,,,,42089,,,,,,,,,,,,116341
Jacob Bellecombette,73137,,,443,,,,5099,,497,,,,,,624,,,,240,,,2170,,,28560,,,,,498,,,,,,,,,,,,30514,,,,,,,,,,,,,,,,,,,,,,180,,,,,,,,,,20263,,,,,,,,,,,,89088
Jarrier,73138,,,,,,,10550,,,,,,,,,,,,252,,,12521,,,865,,,,,345,,,,,,,,,,,,248,3300,,,,,,,,,,,100,,,,,,,,,,,,,,,,,,,,47375,,,,,,,,,,,16317,91873
Jongieux,73140,,,1850,,,,,24502,159189,,,,,,,,,,30139,,5892,,,,151049,357,,,,53928,,,600,,1675,,4134,,,,,163807,,,,,,1250,,,4021,,,,,,,,,9163,,,,300,,,,,,64,778,,,49802,1450,,,,930,1656,,,,,430,666966
Laissaud,73141,,,,,,,,3100,2205,,,,,,,,385,,4550,,,,,,96584,,,,,3750,,,,,2450,,,,,,,65487,,6873,2440,,,,,,,,,27178,,,,,,,,,,14393,,,,,,500,7505,,,7485,,,,,1040,1630,,,100,,,247655
Lepin le lac,73145,,,,,,,,,,,,,,,,,,,,,,,,,,,,,,,,,,,,,,,,,,,,,,,,,,,,,,,,,,,,,,,,,,,,,,,,,,,,,,,300,,,,300,,,600
Loisieux,73147,,,660,,1268,,1840,48,è51,,,,,,1123,,,,4284,,3013,,,,11827,,,,,7961,,130,,,,,,,,,,50396,1953,,,,,,,,,,,,,,,,,,,,,,,,,,,,,,525,19967,1963,,,,,,,,,,2784,109742
Lucey,73149,,,,,,,125,,14113,,,,,,1835,,,,540,,,,,,30311,,,,,5580,,,,,,,,,,,,12675,,,,,,,200,,,,,,,,,,,,,,,1390,,,,,,,620,,610,17802,800,,,,,,,,,,43629,130230
Macot,73150,,,,,,,,,,,,,,,,,,,,,,,,,,,,,,,,,,,,,,,,,,,,,,,,,,,,,,,,,,,,,,,,,,,,,,,,,,,,,,,,,,,,,8091,8091
Les marches,73151,,,,,,6375,9575,2000,7385,,,,,,300,,3765,,3500,,,24686,,,1229603,,,,,14500,,,,,,,,,,,,6620,,13720,,,,,,,,,,3100,,,6190,400,,7691,,,,620,,,,,,,1505,,6200,124589,800,,,,,,,,,,,1473124
Marcieux,73152,,,,,,,163,,,,,,,,,,,,,,,,,,,,,,,408,,,,,,,,,,,,,,,,,,,,,,,,,,,,,,,899,,,2053,,,,,281,2527,,,,2800,,,,,1373,690,,,1136,,,12330
Marthod,73153,,,,,,,,,,,,,,,,,,,80,,,,,,,,,,,398,,,,,,,,,,,,240,,,,,,,,,,,,,,,,,,,,,,125,,,,,,125,,,,4008,,,,,,,,,,,300,5276
Mercury Gemilly,73154,,,200,,,,,,,,,,,,,,,,700,,,,,,6459,,,,,29334,,,,,,,,,,,,7310,,,,,,,,,,,,,,,,,,9055,,,,,430,,,,,,,,80,29787,1735,,,,,,,,,,3560,88650
Mery,73155,,,694,,,,12665,160,,,,,,,75,,,,3811,,,3881,,,114431,,,,,28003,,,,,,,,,,,,145013,396,725,,,,,,,,,,11077,,,,,,,,,,,,,,,,,,,1453,31861,1679,,,,3422,6972,,,,,641,366959
Meyrieux trouet,73156,,,600,,122,,400,,399,,,,,,962,,,,4419,256,6623,851,,,12405,,,,,6076,,,,,,,,,,,,109334,,,,,,,,,300,,,190,,,,,,4257,,,,3527,,,,,,3010,194,,740,52073,,,,,597,1349,,,,,,208684
Mognard,73158,,,1119,,,,1137,360,,,,,,,643,,,,1125,,120,160,,,2885,,,,,474,,,,,,,,,,,,14376,,,,,,,,,200,,,2042,,,,225,,720,123,,,510,,,225,,1341,348,,,,24910,150,,,,4237,3913,,,1727,,800,63870
Les Mollettes,73159,,,,,300,,1390,,,,,,,,50,,,,,,,4360,,,214750,,824,,,,,,445,,180,1043,,,,,,118036,,2947,195,,,,,,,,,29353,,,,,,,,,,4331,,,,,1634,,,,4132,14458,,,,,363,7541,,,,,5209,411541
Montagnole,73160,,,200,,,,1850,,,,,,,,,,,,2400,,,4350,,,23050,,,,,,,,,,,,,,,,,10000,300,400,,,,,,,,,,,,,,,,,,,,,,,,,120,,,,150,18080,1500,,,,,200,,,,,,62600
Montagny,73161,,,409,,443,,1066,,,1707,,,,,,,,,2033,,,9102,,,435,,,,,1770,,223,,,,1233,,,,,,2741,9663,,,,,,300,,,,,,,,,,,14765,,,,100,,,,,163,,,,,7897,,,,,,122,,,,,45,54217
Montailleur,73162,,,,,,,644,,,,,,,,,,,,458,,,,,,17859,,,,,19336,,,,,,,,,,,,6647,,,,,,,,,,,,178,,,,,,496,,,,360,,,,,,,,,,87137,3991,,,,563,6145,,,,,,143814
Montaimont,73163,,,,,,,3250,,,,,,,,,,,,,,,,,,,,,,,,,,,,,,,,,,,,,,,,,,,,,,,,,,,,,,,,,,,,,,,,,,,1965,,,,,,,,,,390,67978,73583
Montcel,73164,,,,,100,,,200,,,,,,,,,,,2355,,,,,,900,,,,,215,,,,,,,,,,,,2700,,,,,,,,,,,,,,,,,,,,,,150,,,,,,,2139,,286,27238,1165,,,,,,,,,,4418,41866
Montendry,73166,,,,,,,200,,,,,,,,,,,,,,,245,,,1730,,,,,4138,,,,,,,,,,,,7299,100,,,,,,,,,,,,,,,,,820,,,,51,,,,,,,,,,11708,465,,,,560,,,,270,,2050,29636
Montgellafrey,73167,,,,,,,,,,,,,,,,,,,,,,,,,,,,,,,,,,,,,,,,,,,,,,,,,,,,,,,,,,,,,,,,,,,,,,,,,,,,,,,,,,,,,74769,74769
Montgilbert,73168,,,,,,,8642,,527,,,,,,,,,,,,,2818,,,3398,,,,,31376,,,,,,,,,,,,8108,,,,725,,,,,,,,3943,,,,,,530,416,,,984,332,,,,1152,2062,,,124,40572,1320,,,,2044,,,,4501,,786,114360
Montgirod,73169,,,,,,,7462,,,141,,,,,,,,,811,,35,6202,,,,,,,,,55,,,,,,,,,,,185,,,,,,,,,,,,,,,,,,,,,,,,,,,,,,,,14420,78,,,,,,,,,,9721,39110
Monthion,73170,,,,,899,,,,,,,,,,,,,,,,,,,,,,,,,,,,,,,,,,,,,,,,,,,,,,,,,,,,,,,,456,,,1897,42,,,,297,,,,,6286,1365,,,,4968,,745,,13694,,,30649
Monmeillan,73171,,,,,,,,,,,,,,,740,,,,,,,,,3010,22862,,,,,18983,,,,,,,,,,,,1120,,,,,,,,,,,,,,,,,,6800,,,,300,,,,,,372,,,,17537,,,,,2696,503,,,180,,3920,79023
Montricher,73173,,,,,3772,,21914,,68,3287,,225,,,,,,,714,,,17202,,,300,,,,,2440,104,,,,,,,,,,,722,851,,,,,,,,,,,1946,,,,,,,,,,,,,,,120,,,,,19567,714,,,,,149,,,,,1971,76066
Montsapey,73175,,,,,,,1096,,,,,,,,,,,,,,,850,,,184,,,,,5230,,,,,,,,,,,,,,,,,,,,,,,,,,,,,,,,,,,,,,,4049,,,,,31198,,,,,114,,,,575,,,43296
Montvernier,73177,,,4686,,135,,8325,,,1958,,,,,,,,,8859,,,7333,,,1292,,,,,1493,,,,,,,,,,,,4605,2019,,,,,,,,,,,71,,,,,,,,,,,,,,,98,,,,,14894,,,,,,80,,,,,,55848
La Motte Servolex,73179,,,195,,,,10671,,,,,,,,11812,,315,,10804,,,16958,,,98248,18904,1486,,,18278,,,3863,,,,,,,,,92367,1620,2430,,,,,,,200,,,22484,,,,,,,17236,,,17188,,,1300,,248107,2900,3210,,1645,469686,30619,,,,118703,1190,,,1960,,400,1224779
Motz,73180,,,394,,855,,,150,14140,,,,6586,,3950,,2945,,36965,,592,870,,,110936,,,3832,,260412,,,,,,,,126,,,,3782,,,,,,,,,24943,,,,,,,,,,,,,,,,,,,,,,,24481,1297,,,,,880,,,,,400,498536
Moutiers,73181,,,,,,,,,,,,,,,,,,,560,,,,,,,,,,,,,,,,,,,,,,,319,,,,,,320,,,,,,,,,,,,,,,,,,,,,,,,,,,,,,,,,,,,320,15682,17201
Mouxy,73182,,,,,,,2667,,,,,175,,,670,,,,10222,,,5892,,,64466,,,,,27306,,,,,,,,,,,,54701,,,,,,,,,,,,,,,,,,,,,,,,,,,,175,940,,,44945,370,,,,2354,2647,,,,,41985,259515
Myans,73183,,,300,352,1130,,2529,,,,,,,,,,300,,,,,15310,,,545909,,,,,13628,300,,,,400,,,,,,,17037,746,,,,,,,,,,,,,,,,,3596,,,,580,,,,,,,,,,10995,,,,,,1480,,,,,6505,621097
Naves,73184,,,,,,,,,,,,,,,,,,,,,,,,,,,,,,,,,,,,,,,,,,,,,,,,,,,,,,,,,,,,,,,,,,,,,,,,,,,,,,,,,,,,,20647,20647
Notre dame de briancon,,,,,,,,,,,,,,,,,,,,,,,,,,,,,,,150,,,,,,,,,,,,,,,,,,,,,,,,,,,,,,,,,,,,,,,,,,,,5341,,,,,,,,,,,4025,9516
Notre dame des Millieres,73188,,,,34,,,,,,,,,,,,,,,,,,,,,,,,,,,,,,,,,,,,,,,,,,,,,,,,,,,,,,,,,,,,6576,,,,340,3602,732,,814,,36529,,,,,22964,245,830,,82698,,,155364
Notre dame du Cruet,73189,,,,,,,,,,,,,,,,,,,,,,,,,,,,,,,,,,,,,,,,,,,,,,,,,,,,,,,,,,,,,,,,,,,,,,,,,,,,,,,,,,,,,45335,45335
Notre dame du pré,73190,,,,,,,13672,,50,48,,766,,,,,,,947,,,1899,,,,,,,,4577,,,,,,,,,,,,465,264,,,,,,,,,,,,,,,,,,,,,,,,,,,,,,,6835,,,,,,77,,,,79,5165,34844
Novalaise,73191,,,,,,,,,,,,,,,,,,,,,,240,,,,,,,,,,,,,,,,,,,,,,,,,,,,,,,,,,,,,,,120,,,1435,,,,,135,6423,600,260,,8810,,,,,3841,,,,1360,300,120,23644
Onteix,73193,,,,,519,,,,1410,,,,,,,,,,589,,110,,,,9332,,,,,9953,,,,,,,,,,,,13202,,,,,,,,,,,,,,,,,,,,,,,,,,,,,,,,3880,,,,,99,,,,,,1743,40837
Orelle,73194,,,,,1100,,400,,,450,,,,,,,,,300,,,1300,,,,,,,,,,,,,,,,,,,,,,,,,,,,,,,,,,,,,,2200,,,,,,,,,,,,,,250,,,,,,,,,,,6143,12143
Outrechaise,,,,,,,,,,,,,,,,,,,,,,,,,,,,,,,,,,,,,,,,,,,,,,,,,,,,,,,,,,,,,,,,,,,,,,,,,,,220,,,,,180,,,,,,,400
Pallud,73196,,,1267,,,,2207,,,,,,,,,,374,,994,,,1037,,,9965,,450,,,58245,,,,,,,,,,,,18964,,,,,,,,,,,,44,,,,,409,,,,,,,,,,,,,,,17822,,,,,210,,,,130,90,1943,114151
La Perrière,73198,,,,,1167,,,,,,,,,,,,,,9539,,,946,,,,,,,,30983,,,,,,,,,,,,1820,7869,,,,,,,,,,,,,,,,,,,,,,,,,,,,,,,,,,,,,,,,,,12573,64897
Petit coeur,,,,,,,,,,,,,,,,,,,,,,,,,,,,,,,,,,,,,,,,,,,,,,,,,,,,,,,,,,,,,,,,,,,,,,,,,,,,,,,,,,,,,,35767,35767
Planaise,73200,,,,,,,934,,,,,,,,,,,,870,,,8368,,,68621,,,,,1575,,,,,,,,,,,,51316,,,,,,,,,,,,5391,,,400,,,8035,,,,800,,,,,575,,,,680,40144,,,,,1450,18913,,,,,,208072
Plancherine,73202,,,120,,205,,48,,,,,,,,,,,,403,,52,33,,,1909,,165,,,14539,,,,,,,,,,,,14288,111,,,,,,,,,,,,,,,,354,673,,,,156,,,,,,,,,70,8192,77,,,,938,165,,,126,,722,43346
Pontamafrey,73203,,,743,,1906,,10238,,,339,,,,,,973,,,1182,,,9178,,,2093,,,,,2002,,,,,,,,,,,,3676,5854,305,,,,,,,,,,258,,,,,,97,,,,,,,,,,,,,,12212,,,,,,,,,,,15124,66180
Pont de beauvoisin,73204,,,,,300,,800,,,,,,,,,,,,,,,,,,320,,,,,850,,,,,,,,,,,,,480,,,,,,120,,,,,,,,,,,,,,,200,630,,,,500,,400,,,14050,1200,,,,,,,,,,,19850
Presle,73207,,,210,,,,6882,,,,,410,,,,,,,3123,,,3255,,,4973,,,,,2273,,,,,150,,,,,,,16289,654,,230,,,,,,,,,7485,,,,,190,,,,,80,,,,,,244,,,,29254,,,,,810,,,,1058,,49056,126626
Pugny Chatenod,73208,,,,,,,2060,,,,,,,,,,,,1850,,,,,,4202,,,,,8855,,,,,,,,,,,,4445,,,,,,,,,350,,,,,,,,,1900,,,,,,,,,,,250,,350,31254,150,,,,620,3000,,,,,17077,76363
Pussy,,,,,,,,732,,,,,,,,,,,,,,,,,,,,,,,5095,,,,,,,,,,,,,,,,,,,,,,,,,,,,,,,,,,,482,,,,,,,,,13869,118,,,,,,,,,48,9290,29634
Puygros,73210,,,,,,,1814,,,,,,,,,,,,250,,,,,,68976,,,,,8425,,,,,,,,,,,,986,,,,,,,,,,,,,,,,,,,,,,,,,,,,,,,,11436,,,,,,,,,,,,91887
Queige,73211,,,,,,,,,,,,,,,,,,,,,,,,,,,,,,2692,,,,,,,,,,,,,,,,,,,,,,,,,,,,,,,,,,,,,,,,,,,,800,,,,,,,,,,,1750,5242
Randens,73212,,,,,,,6822,,,,,,,,,,,,415,,,1001,,,6415,,,,,31576,,,,413,142,,,,,,,3840,,,,2844,,,,,,,,1212,,,,,,,,,,2579,440,,,,710,,,,,57646,230,,,,4501,870,,,12784,,445,134885
La ravoire,73213,,,1602,260,,,4861,100,,,,,,,4506,,,,1074,,,9196,,,71086,,,,,680,,,,,560,,,,,,,41478,640,724,,,,753,,,,,,3321,,,,,,,235,,,790,,,,,200,3133,180,75,180,109837,1093,,,,1655,3025,190,,990,,42588,305012
Rochefort,73214,,,250,,,,1472,,1841,,,,,,,,,,6988,,,5277,,,5320,,,,,12066,,,,,398,,,,,,,998,180,543,,,,,,,,,,,,,,,3971,,719,,,1437,,,,,19075,887,1308,392,278,87318,3623,,,,22197,,,,6211,,8425,191174
La rochette,73215,,,2004,,,,3262,,,,,,,,,,,,4378,,,,,,36900,,170,,,26830,,,,,400,,,,,,,47978,,,,,,,,,,,,2898,,,,,,24796,,,,496,,,,,130,1534,,180,20,17063,770,,,,2046,9244,,,480,,4903,186482
Rognaix,73216,,,,,,,,,,,,,,,,,,,,,,50,,,424,,,,,757,,,,,380,,,,,,,,,,,,,,,,,,,,,,,,,80,1150,,,283,239,,,,100,100,,,250,14710,889,,,,4592,141,,165,16998,,146,41454
Rotherens,73217,,,725,,,,1580,,,,,,,,,,,,2070,,,700,,,10795,,362,,,1478,,,,,,,,,,,,21061,1120,,1040,,,60,,,,,,11774,,,,,,1361,60,,,2240,,,,,,100,,,,5110,460,,,,,650,240,,1420,,,64406
Ruffieux,73218,,,240,,250,,10353,5245,4990,,,,145,,4177,,7455,,105411,,,1137,,,152087,,,3500,,120507,,,,3300,,,,120,,,,31797,,,,,,,,,10338,,,,,,,385,,8723,,,,160,,,,,150,,,625,,18455,2315,,,,390,1735,,,,,2060,496050
Saint alban de Montbel,73219,,,132,,,,1450,400,,,,,,,,,,,200,,,,,,320,,,,,,,,,,,,,,,,,460,,,,,,,,,,,,,,,,,,1170,,,,2555,,,,,,2745,,,,2590,,,,,2110,,,,3580,,240,17952
Saint alban des hurtieres,73220,,,,,257,,,,,,,,,,,,,,,,,2435,,,4057,,,,,5323,,,,,,,,,,,,,,,,,,,,,,,,,,,,,,,550,,,713,,,,,7102,140,,,,75732,720,,,,16070,,,,88644,,3820,205563
Saint alban des villards,73221,,,,,,,,,,,,,,,,,,,,,,,,,,,,,,,,,,,,,,,,,,,,,,,,,,,,,,,,,,,,,,,,,,,,,,,,,,,,,,,,,,,,,715,715
saint alban leysse,73222,,,2473,,,420,3904,1330,6556,,,,,,3831,,,,14917,,,4626,,,224873,,,,,26812,250,,,,,,,425,,,,115288,266,1835,,,,,,,1587,,,53246,,,,,,1374,310,,,5262,,,,,,3115,470,,,74749,,,,,1370,395,,,395,,,550079
Saint andré,73223,,,,,,,,,,,,,,,,,,,,,,,,,,,,,,,,,,,,,,,,,,,,,,,,,,,,,,,,,,,,1550,,,,,,,,,,,,,,,,,,,,,,,,,,1550
saint avre,73224,,,,,260,,1990,,,,,,,,,,,,400,,,700,,,300,,,,,,,,,,400,,,,,,,,,,,,,,,,,,,,,,,,,,,,,,,,,,,,,,,478,,,,,,,,,,955,63169,68652
Saint baldoph,73225,,,,,,,5337,,2407,,,,,,,,,,3138,,,40951,,,254117,,,,,9956,,,,,,,,,,,,24750,3290,,,,,,,,,,,1370,,,,,,,,,,,,,,,,,,,1781,54991,2819,,,,,1390,,,,,,406297
Saint beron,73226,,,900,,,,4280,,,,,,,,400,,,,500,,,600,,,9315,,,,,26300,,,,,500,,,,,,,7548,1600,,,,,,,,,,,200,,,,,,,,,,2440,900,,250,,8710,1700,4300,,300,110565,5885,,,,7470,1390,,,,,4745,200798
Saint Cassin,73228,,,,,,,4057,,,,,,,,2237,,,,2916,,,4121,,,22322,,,,,500,50,,,,,,,,,,,12994,,,,,,,,,,,,2000,,,,,,,1340,,,,,,,,,,700,,,24335,1717,,,,,,,,,,4580,83869
Saint Etienne de cuines,73231,,,,,4215,,3887,,,250,,,,,,,,,674,,,11500,,,,,,,,,,,,,,,,,,,,850,590,,,,,,,,,,,325,,,,,,,840,,,100,,,,,,,125,,,28818,550,,,,50,,,,600,,52683,106057
saint genix sur guiers,73236,,,180,,3938,,743,3811,2299,,,,,1955,1680,,,,23863,,,5117,,,23383,,1320,,,28950,,,,,2286,,600,,,,,4604,,314,,,,,,,4913,,,,,,,2170,10344,,1182,,,5520,1992,,,,29244,4751,1490,,2852,156590,9545,,,,29800,1754,,,1973,240,80855,450258
Saint georges les hurtieres,73237,,,417,,,,,,,,,,,,,,,,,,,,,,3939,,,,,1560,,,,,1440,,,,,,,259,,,,430,,,,,,,,,,,,,,,,,,6267,,,,,,350,,,,69242,950,,,,6817,,130,,101289,,,193090
Saint germain la chambotte,73238,,,,,,,1866,185,,,,,,,,,,,1067,,,,,,17465,,,,,106526,,220,,,,,,,,,,3785,,,,,,,,,730,,,,,,,,,,,,,,150,,,,,,,,,24317,,,,,452,,,,,,,156763
Saint girod,73239,,,,,,,,,,,,,,,,,,,2126,,,,,,,,,,,530,,,,,,,,,,,,8381,,,,,,,,,,,,,,,,,,,652,,,125,,,,,,2783,,,,29697,,,,,1104,,,,202,,,45600
saint hélène le lac,73240,,,315,,890,,6518,,54,,,,,,156,,,,1144,,,1473,,,191819,,,,,367,,,,,117,,,,,,,118366,,1361,160,,,,,,,,,16665,,,,,,3316,63,,,2319,,,,1825,3271,1610,,,2916,57434,,,,,4777,23236,,,2751,,2918,445841
sainte helene sur isère,73241,,,,,,,,,,,,,,,,,,,,,,820,,,1701,,,,,3190,,,,,,,,,,,,1150,,,,,,,,,,,,,,,,,,200,,,,2002,286,,,,1040,590,,,,62362,,,,,7262,1188,931,,51803,,3014,137539
Saint jean d'arvey,73243,,,1550,,,,716,,,,,,,,,,,,5935,783,655,2131,,,34150,,,,,2405,,,,,,,,,,,,56833,200,,,,,,,,,,,300,,,,,,336,,,,,,,,,,,,,,7537,,,,,,,,,,,7273,120804
Saint jean de belleville,73244,,,,,,,227,,,,,,,,,,,,155,,,700,,,,,,,,680,,,,,,,,,,,,,,,,,,804,2635,,,,,,,,,,,953,,,,,,,,,,,,,,269,,,,,,,,,,,2985,9408
Saint jean de chevelu,73245,,,,,,,1760,9442,25850,,,,,,4126,,,,11780,,,,,1865,131468,4586,65,,2128,79771,,,110,,3728,,50,,715,,,185565,,,654,,,19496,220,,,,,10044,,,,,,1600,,,,700,,,,,,,250,,701,44417,,,,,7671,2436,,,,,7060,558258
Saint jean de la porte,73247,,,1730,,,,33814,,,,,,,,,,,,1840,730,,45382,,,105086,,,,,263385,,,,,2487,,,,670,228,,18592,1160,3465,6779,505,,,,,,,,4124,,,,,,,,,,,,,,,,,,,,72214,276,,,,,535,,,,,9690,572692
Saint jean de maurienne,73248,,,1200,,1300,,59572,,700,1707,,,,,,,,,9950,,,48202,,,2400,,,,,250,,,,,4300,,,,,,,11725,10100,,,,,,200,,,,,17360,,,,,,,,,,800,,,,,,,,,,38435,,,,,200,,,,,,425,208826
Saint jeoire prieure,73249,,,,,,,12526,,,,,,,,,,,,,,,4070,,,356462,,,,,62877,,,,,,,,,,,,31570,,,625,,,,,,920,,,3813,190,,,,,,,,,400,,,,,,,,,,15890,,,,,175,10012,,,,,370,499900
saint leger,73252,,,,,,,4946,,,,,,,,,,,,,,,18116,,,780,,,,,3865,,,,,,,,,,,,8231,,,,,,,,,,,,49605,,,,,,240,,,,420,,,,,,2386,,,,48857,,,,,2432,,,,13626,,,153504
Saint marcel,73253,,,,,,,1150,,,,,,,,,,,,,,,169,,,,,,,,150,,,,,,,,,,,,,,,,,,,,,,,,,,,,,,600,,,,,,,,,,,,,,91,,,,,,,,,,,743,2903
Saint marie D'alvey,73254,,,,,,,,,112,,,,,,,,,,11765,,,1465,,,2276,,,,,9935,378,,,,,,,140,,,,5147,,,,,,,,,300,,,,,,,,,,,,,400,,,,,2368,2787,800,,,30220,2260,,,,2505,,,,2140,,,74998
sainte marie de cuines,73255,,,,,,,2528,,,,,,,,,,,,219,,,219,,,,,,,,2527,,,,,,,,,,,,,,,,,,,,,,,,,,,,,,,,,,,,,,,,,,,,,,,,,,,,,,,219212,224705
Saint Martin d'arc,73256,,,,,,,,,,,,,,,,,,,851,,,,,,,,,,,432,,,,,,,,,,,,,337,,,,,,,,,,,,,,,,,,,,,,,,,,,,,,,2491,,,,,,,,,,,7115,11226
Saint martin de la porte,73258,,,1732,,6941,,42831,,,7147,,1438,,,,2533,,,3400,,,52874,,,2333,,,,,2255,156,,,,,273,,,,,,591,3283,1332,,,,,469,,,,,11737,,,,,,9109,233,,,861,,,,,119,,,,,13460,,,,,575,81,,,50,67,34834,200714
Saint martin sur la chambre,73259,,,,,942,,12328,,,847,,,,,,,,,224,,,5945,,,108,,,,,1200,,,,,,,,,,,,,,282,,,,,,,,,,,,,,,,1242,,,,,,,,,156,,,,,19188,,,,,,315,,,,,52019,94796
Saint maurice de rotherens,73260,,,,,850,,434,910,865,,,,,,500,,,,10644,,350,5180,,,7896,,100,,,17059,,,,,,,,,,,,11514,,,,,,,,,,,,,,,,,420,672,,,,,,,,,800,300,500,,,18853,300,,,,,,,,,,4233,82380
saint michel de maurienne,73261,,,200,,1449,,9823,,,,,,,,,,,,527,,,15964,,,897,,,,,695,,,,,,,,,,,,903,4317,,,,,,,,,,,,,,,,,,,,,,,,,,,,,,,36973,,,,,,,,,,,29600,101348
Saint offenge dessous,73263,,,,,,,,,,,,,,,,,,,910,,,,,,,,,,,,,,,,,,,,,,,327,,,,,,,,,,,,,,,,,,720,,,,,,,,,,,,,,6515,,,,,230,230,,,,,1990,10922
Saint ours,27265,,,,,,,222,,,,,,,,,,,,302,,,,,,,,,,,,,,,,,,,,,,,9629,,,,,,,,,375,,,,,,,,909,,,,,180,,,,,,150,,,,16836,,,,,7446,3980,,1347,550,,420,42346
Saint oyen,73266,,,505,,,,1485,,,,,,,,,,75,,,,,362,,,590,,,,,495,,,,,,,,,,,,200,100,,,,,,,,,,,,,,,,,4362,,,,,,,,,,,,,,,,,,,,,,,,,18364,26538
saint pancrace,73267,,,,,,,1067,,,,,,,,,,,,,,,3427,,,,,,,,,,,,,,,,,,,,590,,,,,,,,,,,,616,,,,,,,,,,,,,,,,,,,,502,,,,,,,,,,,6162,12364
saint paul sur isère,73268,,,,,100,,,,,,,,,,,,,,,,,268,,,1125,,,,,8620,,,,,,,,,,,,,,,,,,,,,,,,,,,,,,305,,,,1151,300,,,,,,1554,,840,34832,1945,,,,2719,,,,11116,,714,65589
Saint paul,73269,,,329,,3204,,1328,3415,760,,,,,,1166,,,,11392,,4430,610,,2415,35663,,,,,76670,,,200,,842,,,,,,,129716,,,,,,,,,360,,,,,,,,,14535,,,,,,,,,140,,245,,,40503,,,,,685,3518,,,,,39687,371813
saint pierre d'albigny,73270,,,2192,,3268,,73858,,833,430,,2781,,,1791,,,,15995,9467,296,144542,,,137117,,,,,118571,,252,,,3832,98,,,,,,29960,14496,15233,3107,2444,,,,,,,,1088,,,,,800,1688,,,,2758,348,,,699,1329,,8390,,1670,300574,17725,,,,1325,21062,,,160,375,190509,1131063
saint pierre d'alvey,73271,,,170,,465,,100,,,675,,,,,,,,,2898,,,1479,,,2621,,,,,1652,,,,,1146,,,,170,,,14512,,,,,,,,,,,,,,,,,,6165,475,,,7170,105,,1795,,714,2483,,206,,31766,379,,,,3990,,,,4121,,14053,99310
Saint pierre de belleville,73272,,,,,,,,,,,,,,,,,,,3712,,,3460,,,960,,,,,130,,,,,,,,,,,,3316,940,,,,,,,,,,,5231,,,,,,1225,,,,2370,,,,,260,1830,,,,23033,,,,,9212,,,,18907,,3160,77746
Saint pierre de curtille,73273,,,,,,,1586,1354,1484,200,,,,,2456,,,,6721,,,,,,29603,,,,,15127,,,,,680,,,,,,,82833,,,,,,,1002,,,,,,,,,,,4318,,,,,,,,,,,,,,6113,390,,,,,,,,,,4401,158268
Saint pierre de soucy,73276,,,344,,,,603,,,14,,,,,,,,,99,160,,2949,,,234908,,,,,180,,,192,,1106,,,,,,,124620,,740,,,,,,,,,,15936,,,,,,88,,,,1095,,,,888,,,512,,2202,20682,2080,,,,1451,3494,,,,,,414343
Saint remy,73278,,,2241,,2642,120,6774,,160,2112,,,,,,,,,1093,733,,33415,,,3278,,,,,1794,86,,,,,,,,,,,1085,1093,200,,105,,,210,,,700,,32392,,,,,,233,9708,,,1507,,,,,1874,872,215,85,,82624,2304,,,,2064,602,,,1990,,34325,228636
Saint Sulpice,73281,,,,,,,700,,,,,,,,20461,,,,2964,,,2300,,,3290,,,,,1001,,,,,,960,,,,,,18855,,,,,,530,,,,,,1000,,,,,,6130,855,,,3454,,,,,4150,660,1904,,,60549,320,,,,6531,120,,,200,,1000,137934
Saint Thibaud de Couz,73282,,,,,,,,,,,,,,,,,,,,,,,,,,,,,,,,,,,,,,,,,,,,,,,,,,,,,,,,,,,,,,,,,,,,,,,,,,1535,,,,,,,,,,,,1535
Saint Vital,73283,,,,,,,30,,,,,,,,369,,,,,,,,,,8860,,,,,26548,,,,,,,,,,,,9049,,,,,,,,,,,,,,,,,,3251,410,,,,,,,,,,,,,30258,300,,,,4425,3663,694,,1345,,4339,93541
Salins les Thermes,73284,,,322,,,,1355,,,,,,,,,,,,1861,,,2102,,,,,,,,2865,,,,,429,,,,,,,1087,,,,,,2202,535,,,,,,,,,,,,,,,,,,,,,,,,,480,,,,,,,,,,,15848,29086
Serrieres en chautagne,73286,40,,420,,1500,,375,2660,17469,,,,3520,,,,1220,,59108,,,720,,,102361,,,10929,,98279,,,,,700,,,1040,,,,1645,,,,,,,,,5860,,,,,,,,,10545,,,,,,,,,,,180,,,42677,1250,,,,1865,2480,,,,,,366843
Sonnaz,73288,,,,,,,6998,,,,,,,,,,,,5301,,,18023,,,74799,,218,,,5486,,,,,,,,,,,,118952,,800,,,,510,,,,,,31668,,,,,,,,,,,,,1710,,,,,,4497,52010,,,,,,852,,,,,,321824
La Table,73289,,,,,1743,,7188,,,,,,,,,,,,,,,751,,,6668,,,,,1315,,,,,,,,,,,,11298,,,,,,,,,,,,7076,,,,,,2776,,,,200,,,,,,1792,,,,2098,,,,,116,435,,,,,,43456
Thenesol,73292,,,,,,,,,,,,,,,,,,,,,,,,,,,,,,709,,,,,,,,,,,,,,,,,,,,,,,,,,,,,,,,,,,418,,,,,,,,,,,,,,,,,,,,,1127
Thoiry,73293,,,,,,,4468,,,,,,,,,,,,1500,,,,,,90216,,,,,8255,,,,,,,,,,,,10532,,,,,,,,,,,,,,,,,,,,,,,,,,,,,,,,25334,,,,,,500,,,,,,140805
La Thuile,73294,,,,,,,995,,,,,,,,,,,,1280,,,,,,19321,,,,,13000,,,,,3519,,,,,,,3971,,,,,,,,,,,,500,,,,,,,,,,,,,,,,75,,,,1100,,,,,,,,,,,295,44056
Tournon,73297,,,1895,,,,170,,,,,,,,,,,,,,,,,,5579,,740,,,7868,,,,,,,,,,,,9062,,,,,,,,,,,,,,,,,,200,,,,,,,,,,,,,,10788,,,,,,,,,60,,2569,38931
Tours en Savoie,73298,,,1163,,4201,50,282,,,,,,,,,,,,1676,,,880,,,3916,,2949,,,40464,,,,,1107,,,,,,,7663,120,,,,620,,10,125,,,,,,,,,,,,,,480,,,,,220,,,,350,43603,230,,,,11290,200,,,14769,,5540,141908
Traize,73299,,,,,250,,1975,750,700,,,,,,1085,,,,15363,,,,,,7851,,,,,18001,,,,,,,,,,,,52293,1150,,,,,280,,,,,,,,,,,,10015,,,,,,,,,,,210,,,26178,300,,,,,,,,,,,136401
Tresserve,73300,,,788,,1220,,1947,,,,,,,,,,,,,,,,,,11610,,,,,2840,,,,,,,,,,,,9698,,,,,,,,,,,,,,,,,,604,,,,,,,,,,,,,691,93544,760,,,,,1422,,,,,1403,126527
Trevignin,73301,,,360,,,,1971,,,,,,,,220,,,,1195,,,,,,2057,,,,,4521,,,,,,,,,,,,6225,,,,,,,,,,,,,,,,,,990,,,,,,,,,,,410,,,12543,,,,,1090,4280,,,,,,35862
La Trinite ,73302,,,,,,,9257,,,,,,,,,,,,2066,100,,7186,,,32692,,,,,9196,,,,,419,,,,,,,42852,,1155,,,,,,,,,,6293,,,,,,12027,,,,,,,,,,,,,,8698,,,,,,1925,,,,,5822,139688
Ugine,73303,,,,,,,,,,,,,,,,,,,250,,,250,,,,,,,,246,,,,,,,,,,,,,,,,,,,100,,,,,,,,,,,1615,,,,248,,,,,,,45,,,9001,521,,,,,,,,,,910,13186
Valezan,73305,,,,,,,,,,,,,,,,,,,,,,,,,,,,,,,,,,,,,,,,,,,,,,,,,,,,,,,,,,,,,,,,,,,,,160,,,,,980,,,,,,,,,,,36252,37392
Venthon,73308,,,848,,,,,,,,,,,,,,,,5393,,,,,,224,,,,,15023,,,,,,,,,,,,11402,,,,,,,,,,,,,,,,,,378,,,,,,,,,,,,,,2576,,,,,334,,,,,,1420,37598
Verel de Montbel,73309,,,,,,,,,890,,,,,,,,,,12118,,,2415,,,3137,,,,,13192,,,,,,,,,,,,,,,,,,,,,,,,400,,,,,1747,,,,,2597,2115,,,6414,525,3815,2317,2059,350,118964,2016,,,,11073,,,,8376,,540,195060
Verel Pragondran,73310,,,58,,,,983,,,,,,,,138,,,,491,,,,,,53249,,,,,792,,,,,,,,,,,,14696,,,,,,,,,,,,1788,,,,,,19172,,,,,,,,,,,,,,2567,,,,,,,,,,,,93934
Verrens Arvey,73312,,,1081,,,,231,,,100,,,,,31,,,,,,,1365,,,10462,,1008,,,31469,92,,,,42,,,,,,,27251,561,,,,,,,,,,,,,,,,46,,,,,3560,442,,,,,,,,,31019,849,,,,963,220,108,,166,250,8656,119972
Verthemex,73313,,,,4166,,,,540,,,,,,,,,,,150,,,,,,510,,,,,1340,,,,,,,,,,,,15811,,,,,,,,,,,,,,,,,,,,,,200,,,,,,300,336,,,18630,,,,,1112,,,,,,7965,51060
Villard d'Hery,73314,,,421,,127,,4928,,,,,,,,,,,,983,3559,,4206,,,50361,,,,,190,,,,,,,,,,,,43911,,,,,,,,,,,,11517,224,,,,,,,,,946,,,,,,,,,175,11009,1397,,,,,3461,,,730,,2425,140570
Villard Leger,73315,,,,,,,22957,,,,,,,,,,,,1344,,,5854,,,12123,,,,,5799,,,,,,,,,,,,48869,,,,,,4009,,,,,,1680,,,,,,3578,529,,,,,,,,,,,,314,84552,218,,,,,340,,,,,1370,193536
Villard Sallet,73316,,,,250,,,2546,,,,,,,,,,,,4218,,,4802,,,22189,,,,,967,,,,,,,,,,,,18497,419,1080,,,,,,,,,,1860,,,,,,620,,,,920,,,,,,7220,,,,4885,,,,,910,2241,680,,,,912,75216
Villargondran,73320,,,,,,,191,,,,,,,,,,,,,,,80,,,,,,,,,,,,,,,,,,,,,,,,,,,,,,,,,,,,,,,,,,,,,,,,,,,,98,,,,,,,,,,1450,65622,67441
Villarlurin ,73321,,,,,,,341,,,,,,,,,,,,931,,,460,,,,,,,,1812,,,,,,,,,,,,,735,,,,,,,,,,,,,,,,,,,,,,,,,,,,,,,,,,,,,100,,,,,7049,11428
Villaroux,73324,,,,,,,,,,,,,,,,,,,652,,,2685,,,31465,,,,,,,,,,,745,,,,,,39945,,,112,,,,,,,,,5683,,,,,,,,,,,,,,,,,,,11840,7114,,,,,,,,,,,,100241
Vimines,73326,,,,,,,7319,,,,,,,,8024,,,,2260,,,11291,,,126763,180,,,,21234,122,,,,1020,,,,,,,51625,2700,,,,,,,,,,,,222,,,,1500,9795,,,,,,,,,,,,300,,43192,2500,,,,1350,500,,,,,600,292497
Vions,73327,,,,,200,,150,,263,,,,,,170,,,,3613,,,255,,,21232,,,585,,7590,,,,,800,,,263,,,,29856,,,,,,,1356,,65,,,,,,,,3271,997,,,,1862,,,490,,,718,,,,88004,1928,,,,,170,,,,,14345,178183
Viviers du lac,73328,,,,,1145,,8030,220,,,,,,,182,,,,500,,,,,,67192,,,,,750,,,80,,,,,,,,,24774,,,,,,,,,,,,,,,,,,34755,,,,1648,,,,,1168,,,,1290,51736,,,,,3906,2457,,,78,,800,200711
Voglans,73329,,,570,,,,2395,,,,,,,,,,291,,7450,,,3050,,,23923,,,,,5485,,,,,837,,,,,,,24078,1194,3552,,,,,,,,,,1557,,,,,,,,,,569,,,,,640,6766,1125,,1953,56637,4371,,,,4065,,,,,,24786,175294
Yenne,73330,,153,1323,,1002,,1430,20944,23178,470,,,,,3921,,,,36756,,2958,,,,135232,,,,,212186,,,,,,,,,,,,247550,,,,,,93,,,150,,,,,,,,,51215,260,,,6719,1015,,,,,4819,542,,,127388,1000,,,,23498,33579,,,,,133678,1071059
