"Commune","Cave coopérative","Qté tot livrée à la cave coop (hl)","Part Vins AOP rouge/rosé livrée (%)","Part Vins AOP blanc livrée (%)","Part Vins IGP rouge/rosé livrée (%)","Part Vins IGP blanc livrée (%)","Part Vins sans IG et autres rouge/rosé livrée (%)","Part Vins sans IG et autres blanc livrée (%)","code"
"07-ALBA-LA-ROMAINE","07-CAVECOOP D'ALBA","24426","0","0","83.2","16.2","0.6","0","07"
"07-BERRIAS-ET-CASTELJAU","07-VIGNERONS COTEAUX DE JALES","51015","0","0","85.5","13.9","0.7","0","07"
"07-BESSAS","07-CAVECOOP DE BESSAS BRUJAS","7214","0","0","92.1","7.9","0","0","07"
"07-BOURG-SAINT-ANDEOL","07-CAVECOOP DE BOURG ST ANDEOL","52476","35.9","1.9","56.8","5.1","0.1","0.2","07"
"07-LABLACHERE","07-CAVECOOP DE LABLACHERE","22832","0","0","79.3","12.8","7.9","0","07"
"07-LARGENTIERE","07-CAVECOOP DE LARGENTIERE","14031","0","0","88","9.3","2.8","0","07"
"07-LES VANS","07-CAVECOOP DES VANS","7600","0","0","91.5","4.9","3.6","0","07"
"07-PAYZAC","07-CAVECOOP DE PAYZAC","6857","0","0","98.9","0","1.1","0","07"
"07-ROSIERES","07-CAVECOOP DE ROSIERES","23024","0","0","85.2","10.2","4.5","0.1","07"
"07-RUOMS","07-COOP DE VIGNERONS SUD ARDECHE","35825","0","0","80.6","18.6","0.8","0","07"
"07-SAINT-DESIRAT","07-CAVE COOP DE SAINT DESIRAT","20411","68.5","5.6","22.1","3.8","0","0","07"
"07-SAINT-ETIENNE-DE-FONTBELLON","07-CAVECOOP LES VIGNERONS DES COT","20655","4.9","0","77.9","14.1","2.5","0.5","07"
"07-SAINT-MARCEL-D'ARDECHE","07-CAVECOOP DE ST JUST ST MARCEL","20598","70.8","0","25.9","3.2","0.1","0","07"
"07-SAINT-SAUVEUR-DE-CRUZIERES","07-CAVECOOP DE ST SAUVEUR DE CRUZ","28963","0","0","87.4","10.9","1.6","0","07"
"07-VALVIGNERES","07-CAVECOOP DE VALVIGNERES","22613","0","0","56.9","42.5","0.6","0","07"
"07-VILLENEUVE-DE-BERG","07-CAVECOOP DE VILLENEUVE DE BERG","36789","0","0","68.2","31","0.8","0","07"
"07-VIVIERS","07-CAVECOOP DE VIVIERS","17718","2.5","0","90.2","5.5","1.8","0","07"
"07-VOGUE","07-CAVECOOP DE VOGUE","25853","0","0","63.4","35.7","0.9","0","07"
"11-ARGELIERS","11-CAVE COOP LA LANGUEDOCIENNE","96822","0.1","0","68.5","22.2","8.8","0.4","11"
"11-ARZENS","11-SCAV LA MALEPERE-ARZENS","154030","2.3","0","85.3","8.7","3.7","0","11"
"11-AZILLE","11-CAVE COOPERATIVE AZILLE","24188","0.8","0","82.7","14.9","1.6","0","11"
"11-BARBAIRA","11-CAVE COOPERATIVE BARBAIRA","24405","6.7","0","81","1.2","9.2","1.9","11"
"11-BIZANET","11-CAVE COOP DE BIZANET","21766","32.6","0.3","60.9","5.2","1","0","11"
"11-CAMPLONG-D'AUDE","11-SCAV VIGNERONS DE CAMPLONG","9046","77","1.1","19.7","1.7","0.4","0","11"
"11-CANET","11-SCAV LA VIGNERONNE","90192","0","0","88.7","9.4","2","0","11"
"11-CASCASTEL-DES-CORBIERES","11-CAVE COOPERATIVE DE CASCASTEL","26164","76.4","5.6","15.3","0.9","1.8","0","11"
"11-CAUNES-MINERVOIS","11-SCAV CAUNES-TRAUSSE REUNIS","33504","4.1","0","75.7","1.8","18.4","0","11"
"11-CAVANAC","11-SCAV VIGNOBLES DE CARSAC","44707","0","0","89.5","10.3","0.2","0","11"
"11-COMIGNE","11-LES GRAPPES D'ALARIC A COMIGNE","48079","13","0.1","72.6","2.7","11.6","0","11"
"11-CONQUES-SUR-ORBIEL","11-SCAV VIGNOBLE ALLIANCE","41574","8.7","0","78.2","4.1","8.5","0.6","11"
"11-COURSAN","11-CAVE COOPERATIVE COURSAN","115846","5.9","0.7","66","24.4","1.8","1.1","11"
"11-CUXAC-D'AUDE","11-CAVE COOP DE CUXAC D AUDE","46764","1.4","0","57.4","36.8","4.2","0.1","11"
"11-EMBRES-ET-CASTELMAURE","11-SCV EMBRES","16776","88.1","1.1","0","0","10","0.9","11"
"11-FABREZAN","11-SCAV CELLIER CHARLES CROS","68261","40.5","0.6","56.5","2.4","0.1","0","11"
"11-FLEURY","11-CAVE COOP LA VENDEMIAIRE","61819","0.5","0.1","81","16.4","2","0","11"
"11-GINESTAS","11-SCV LA GINESTO","21200","0","0","98.2","0","1.8","0","11"
"11-GRUISSAN","11-SOC COOPERATIVE VINIFICATION","11290","50.9","4.2","31.2","10","0.3","3.5","11"
"11-HOMPS","11-SCAV ALLIANCE MINERVOIS","160951","12.2","0.2","72.6","13","2","0","11"
"11-LA REDORTE","11-SCAV L'AVENIR - LA REDORTE","57927","0","0","95.8","1.6","2.6","0","11"
"11-LAURE-MINERVOIS","11-CELLIER LAURAN CABARET","58321","19.3","0.2","77.6","2.6","0.3","0","11"
"11-LEUCATE","11-CAVE COOP LEUCATE","43425","73","7.9","12","1.1","4.9","1.1","11"
"11-LEZIGNAN-CORBIERES","11-SCA LE CHAI DES VIGNERONS","25359","30.3","0.3","65","2.6","1.7","0","11"
"11-LIMOUX","11-CAVE COOP ANNE DE JOYEUSES","175889","1.3","0.4","87.3","10.7","0.2","0","11"
"11-LIMOUX","11-COOP VIGNERONS SIEUR D'ARQUES","123130","0.4","44","26.7","27.5","0","1.5","11"
"11-MARSEILLETTE","11-CAVE COOP MARSEILLETTE","38563","2.8","0","73.1","11.1","11.7","1.2","11"
"11-MONTBRUN-DES-CORBIERES","11-CAVE COOP L'AVENIR","17212","42.7","0","48.4","0","8.9","0","11"
"11-MONTREDON-DES-CORBIERES","11-CAVE COOP DE MONTREDON","9756","51","2.6","37.6","7.4","1.4","0","11"
"11-MONTSERET","11-SCAV DE MONTSERET","23155","58.4","0.1","41.2","0.3","0","0","11"
"11-MOUX","11-CAVE COOPERATIVE MOUX","20618","29.8","0","58.6","1.8","9.8","0","11"
"11-NEVIAN","11-SCAV NEVIAN","54396","10.1","0","76.2","8.2","5.4","0.2","11"
"11-ORNAISONS","11-SCAV LES CELLIERS D ORPHEE","48126","44.4","0.2","49.8","4","1.6","0","11"
"11-OUVEILLAN","11-LES VIGNERONS DU NARBONNAIS","122873","0.6","0","79.3","18.4","1.7","0","11"
"11-PEPIEUX","11-CAVE COOPERATIVE PEPIEUX","79131","6.4","0","75.2","14.6","3.8","0.1","11"
"11-PEYRIAC-MINERVOIS","11-SCAV TOUR SAINT MARTIN PEYRIAC","15397","36.7","0.7","54.9","5.4","2.3","0","11"
"11-PORTEL-DES-CORBIERES","11-SCV LES CAVES ROCBERE","87080","62.8","2","31","2.6","1.5","0.2","11"
"11-POUZOLS-MINERVOIS","11-SCV POUZOLS-MAILHAC","28499","27.6","0.9","62.3","7.2","2.1","0","11"
"11-PUICHERIC","11-SCA CELLIERS DU NOUVEAU MONDE","61948","9.7","0.3","60.7","27.8","0.3","1.2","11"
"11-PUICHERIC","11-SCA LE PROGRES - PUICHERIC","14100","8.5","0","86.9","1.4","2.9","0.3","11"
"11-ROUTIER","11-CAVE DU RAZES - ROUTIER","238480","2.3","0","84.9","12","0.8","0","11"
"11-SAINT-LAURENT-DE-LA-CABRERISSE","11-CAVE COOP DE ST LAURENT","14987","59.1","5.3","33.9","1.6","0.1","0","11"
"11-TALAIRAN","11-SCAV LES TERROIRS DU VERTIGE","39084","42.5","0.1","55.8","1.6","0","0","11"
"11-TOUROUZELLE","11-CAVE COOP LES DEUX TERROIRS","31534","9.6","0","68.1","22.3","0","0","11"
"11-TREBES","11-SCAV DE LA REGION DE TREBES","39694","0.7","0","92","6.5","0.8","0","11"
"11-TUCHAN","11-SCA MONT TAUCH","63776","83.9","1.6","12.9","1.5","0.1","0","11"
"11-VENTENAC-EN-MINERVOIS","11-SCV LE CHATEAU DE VENTENAC","7590","3.6","0","91.3","5.1","0","0","11"
"11-VILLESEQUELANDE","11-SCAV LA VOIE ROMAINE","77282","1.6","0","83.7","12.1","2.3","0.3","11"
"13-AIX-EN-PROVENCE","13-COOPERATIVE DES GRANETTES","6642","46.6","0.8","48","0","4.7","0","13"
"13-AURIOL","13-COOPERATIVE AURIOL LA CIOTAT","9553","13.3","0.5","69.6","4.1","8.9","3.5","13"
"13-BERRE-L'ETANG","13-COOPERATIVE BERRE L'ETANG","27155","34","1.3","62.9","1.6","0.2","0","13"
"13-EGUILLES","13-COOPERATIVE EGUILLES","13400","75.3","2.1","22.2","0.3","0","0","13"
"13-LA FARE-LES-OLIVIERS","13-VIGNERONS DU CASTELLAS","14036","48.6","0.5","46.5","4","0.4","0","13"
"13-LAMBESC","13-COOPERATIVE LAMBESC","42870","59.6","2.7","34.1","1.5","2.1","0","13"
"13-LANCON-PROVENCE","13-COOPERATIVE LANCON","6966","54.5","2.1","41.9","0","1.5","0","13"
"13-MARTIGUES","13-COOPERATIVE MARTIGUES","9314","59.8","1.6","10.5","2.8","22.1","3.1","13"
"13-NOVES","13-SCA CELLIER DE LAURE","5247","0","0","80.9","10","6.5","2.6","13"
"13-PELISSANNE","13-COOPERATIVE PELISSANNE","5311","53.7","0","44.2","2.1","0","0","13"
"13-PUYLOUBIER","13-COOPERATIVE MONT STE VICTOIRE","37352","91.2","0.9","7.6","0","0.3","0","13"
"13-ROGNES","13-COOPERATIVE ROGNES","21148","73.1","0.3","24.1","2.5","0","0","13"
"13-ROQUEFORT-LA-BEDOULE","13-COOPERATIVE ROQUEFORT LA B","3498","60.8","8.4","27.2","1.4","2.2","0","13"
"13-ROUSSET","13-COOPERATIVE ROUSSET","20988","87","1","8.7","1.2","2.1","0","13"
"13-SENAS","13-COOPERATIVE SENAS","25306","59.3","0","38.8","1.4","0.5","0","13"
"13-TRETS","13-CELLIER LOU BASSAQUET TRETS","29985","70.8","0.5","26.2","2","0.5","0","13"
"13-VENELLES","13-COOPERATIVE VENELLES","14611","72.8","2.8","22.2","0.8","1.3","0","13"
"16-MONTMOREAU-SAINT-CYBARD","16-CAVE COOP DU MONTMORELIEN","299","0","0","0","0","8.9","91.1","16"
"16-SAINT-SORNIN","16-CAVE DE SAINT SORNIN SCA","1499","0","0","100","0","0","0","16"
"17-LE BOIS-PLAGE-EN-RE","17-UNIRE STE COOP. AGRICOLE","41362","3.1","3","28.1","8","1.9","56","17"
"17-SAINT-PIERRE-D'OLERON","17-VITI OLERON","32351","3","5.7","11.6","4.1","0.3","75.3","17"
"18-CHATEAUMEILLANT","18-CAVE COOPERATIVE DU TIVOLI","1858","97","0","0","3","0","0","18"
"18-QUINCY","18-SICA VIGNERONS DUC DE BERRY","1793","0","97.8","2.2","0","0","0","18"
"18-SANCERRE","18-CAVE COOP DES VINS DE SANCERRE","6984","16.1","83.9","0","0","0","0","18"
"21-BEAUNE","21-CAVE DES HAUTES COTES","22156","52.8","46.4","0.4","0.3","0","0","21"
"24-FLORIMONT-GAUMIER","24-SCA VIGNERONS COTEAUX DU CEOU","728","0","0","99.2","0.8","0","0","24"
"24-LE FLEIX","24-SCA ALLIANCE AQUITAINE","85624","80.3","18","0.4","0.4","0.5","0.4","24"
"24-MESCOULES","24-CAVE DE SIGOULES","50033","61.6","36.2","1.1","0.6","0.4","0.2","24"
"24-MONBAZILLAC","24-CAVE DE MONBAZILLAC","32638","22.8","77","0","0","0.2","0","24"
"24-PORT-SAINTE-FOY-ET-PONCHAPT","24-CAVE PORT STE FOY ET PONCHAPT","23765","68.6","30.5","0.3","0","0.1","0.5","24"
"26-BEAUMONT-MONTEUX","26-CAVE DES CLAIRMONTS","6198","87.3","2.9","7.4","2.4","0","0","26"
"26-DIE","26-CAVE VINICOLE CLAIRETTE DE DIE","63269","1.1","98.2","0.2","0.5","0","0","26"
"26-NYONS","26-CAVE DU NYONSAIS","57686","69.1","0.8","26.9","3.3","0","0","26"
"26-ROCHEGUDE","26-CAVE DES VIGNERONS","59064","70.1","2.9","24.3","2.7","0.1","0","26"
"26-SAINT-GERVAIS-SUR-ROUBION","26-CAVE DE LA VALDAINE","10332","6","0.4","80.2","9.2","4.3","0","26"
"26-SAINT-MAURICE-SUR-EYGUES","26-CAVE DES COTEAUX","31596","69.7","2.2","24.8","3.3","0","0","26"
"26-SAINT-PANTALEON-LES-VIGNES","26-CAVE DE ST PANTALEON","32620","97.9","1.2","0","0","0.9","0","26"
"26-SUZE-LA-ROUSSE","26-CAVE LA SUZIENNE","69893","86.6","3.7","8.8","1","0","0","26"
"26-TAIN-L'HERMITAGE","26-CAVE DE VINS FINS","43119","77.5","8.6","11.1","2.2","0.6","0","26"
"26-TULETTE","26-CAVE COSTEBELLE","78515","84.9","1.9","12.5","0.6","0","0","26"
"26-VINSOBRES","26-CAVE LA VINSOBRAISE","86818","82.4","1.7","14.8","0.9","0.2","0","26"
"30-AIGUES-MORTES","30-AIGUES MORTES SABLEDOC","54602","0","0","86.9","1.9","10.5","0.8","30"
"30-ARAMON","30-CAVE COOP D'ARAMON","23427","35.6","0","59.9","0","4.5","0","30"
"30-BARJAC","30-CAVE COOP DE BARJAC","16768","2.7","0","88.8","1.7","6.8","0","30"
"30-BEAUCAIRE","30-BEAUCAIRE CAVE COOPERATIVE SCA","35148","0","0","90.5","8.6","0.8","0","30"
"30-BOUILLARGUES","30-BOUILLARGUES CAVE COOP. SCA","21552","12.3","0.3","79","7.7","0","0.8","30"
"30-BOURDIC","30-BOURDIC  ( CAVE COOPERATIVE )*","107306","0","0","78.9","18.1","2.8","0.1","30"
"30-BRIGNON","30-CAVE COOP DE BRIGNON MOUSSAC","42808","0","0","74.9","13.6","10.2","1.4","30"
"30-CANAULES-ET-ARGENTIERES","30-CANAULES (CAVE COOPERATIVE)","13502","0","0","91.5","5.4","3.1","0","30"
"30-CARDET","30-CAVE COOP DE CARDET","24088","0","0","84.8","12.3","2.9","0","30"
"30-CAVILLARGUES","30-CAVE COOP DE CAVILLARGUES","16772","65.7","0","24.5","2.2","7.5","0","30"
"30-CHUSCLAN","30-CAVE COOP DE CHUSCLAN LAUDUN","86156","72.3","6.3","19.1","1.7","0.6","0","30"
"30-CORCONNE","30-CORCONNE (CAVE COOPERATIVE)","45277","12.6","0.7","67.7","13.8","5.3","0","30"
"30-CORNILLON","30-CAVE COOP DE ST GELY CORNILLON","18465","48.2","1","39","10.2","1.4","0.2","30"
"30-CRUVIERS-LASCOURS","30-CAVE COOP DE CRUVIERS LASCOURS","41057","0","0","76.3","22.7","0.3","0.7","30"
"30-DURFORT-ET-SAINT-MARTIN-DE-SOSSENAC","30-DURFORT (CAVE COOPERATIVE)","28972","0","0","71.3","26.5","2.2","0","30"
"30-ESTEZARGUES","30-CAVE COOP D'ESTEZARGUES      *","21898","88.4","2.3","9.2","0","0","0","30"
"30-FOISSAC","30-CAVE COOP DE FOISSAC","33920","0","0","83.1","16.9","0","0","30"
"30-FONS","30-FONS OUTRE GARDON (SCV)","22643","0","0","87.5","9.6","2.5","0.4","30"
"30-FONTANES","30-FONTANES (CAVE COOPERATIVE)","22692","0","0","93.2","4.9","1.7","0.1","30"
"30-FOURNES","30-CAVE COOP DE FOURNES","16007","89.7","1.7","6.9","0.9","0.7","0","30"
"30-GAUJAC","30-CAVE COOP DE GAUJAC","8591","80","0.2","0","0","17.9","1.9","30"
"30-GENERAC","30-COSTIERES ET SOLEIL (SCA)","200540","25.6","1.4","60.7","7.8","3.1","1.5","30"
"30-JONQUIERES-SAINT-VINCENT","30-LES VIGNERONS CREATEURS SCA","86052","26.7","1.4","62.4","9","0.5","0","30"
"30-LAUDUN-L'ARDOISE","30-LES VIGNERONS DES 4 CHEMINS","25672","67.7","9.6","20.6","1","0.5","0.6","30"
"30-LEDENON","30-LEDENON CAVE COOPERATIVE","15063","0","0","53.2","37.3","9.4","0","30"
"30-LEDIGNAN","30-CAVE COOP DE LEDIGNAN","35539","0","0","73.7","25.2","1","0","30"
"30-LEZAN","30-CAVE COOP DE LEZAN","15580","0","0","74.2","25.3","0.6","0","30"
"30-MARGUERITTES","30-MARGUERITTES CAVE COOPERATIVE","24199","5.2","0","90.8","3.8","0.2","0","30"
"30-MARUEJOLS-LES-GARDON","30-CAVE COOP DE MARUEJOLS LES G","18542","0","0","70.2","27.5","2.3","0","30"
"30-MASSILLARGUES-ATTUECH","30-CAVE COOP DE MASSILLARGUES A","19685","0","0","87.7","10.5","0.8","1","30"
"30-MEYNES","30-CAVE DE MEYNES","11956","63.9","1.2","23.4","9","2.6","0","30"
"30-MONTAGNAC","30-MONTAGNAC(CAVE COOP SCA)","27546","0","0","81.7","18.3","0","0","30"
"30-MONTAREN-ET-SAINT-MEDIERS","30-CAVE COOP DE MONTAREN","14827","0","0","84.6","15.1","0.2","0","30"
"30-MONTFRIN","30-CAVE COOP DE MONTFRIN","52409","53.8","0.2","37.4","2.1","6.5","0","30"
"30-MOULEZAN","30-MOULEZAN (CAVE COOPERATIVE)","39057","0.3","0","83.2","16.4","0.1","0","30"
"30-ORSAN","30-CAVE COOP D ORSAN","11539","46.3","1.9","44.5","6","1.2","0","30"
"30-POMPIGNAN","30-POMPIGNAN (CAVE COOPERATIVE)","11160","0","0","94.1","4.9","1","0","30"
"30-POUGNADORESSE","30-POUGNADORESSE (CAVE COOP)    *","7758","19.3","0","80.7","0","0","0","30"
"30-PUJAUT","30-CAVE COOPERATIVE DE PUJAUT","33709","15","1.5","68.1","14.7","0.7","0","30"
"30-QUISSAC","30-QUISSAC (CAVE COOPERATIVE)","24026","0.3","0","63.1","9.9","24.9","1.7","30"
"30-REDESSAN","30-REDESSAN CAVE COOPERATIVE SCA","27618","19.6","3.2","43.5","6.7","27","0","30"
"30-REMOULINS","30-CAVE COOPERATIVE DE REMOULINS","8220","77.2","1.8","20.6","0.4","0","0","30"
"30-ROCHEFORT-DU-GARD","30-CAVE COOP DE ROCHEFORT DU GARD","23403","81.2","5.5","6.3","1.1","4.9","1","30"
"30-ROQUEMAURE","30-CAVE COOP DE ROQUEMAURE","16326","44.2","2.1","47.3","4.6","0","1.7","30"
"30-SABRAN","30-CAVE COOP DE SABRAN MEGIER","9217","86.5","5.9","7.3","0.3","0","0","30"
"30-SABRAN","30-CAVE COOP SABRAN CARMES DONNAT","6386","78","0.2","15.5","0","6.3","0","30"
"30-SAINT-CHRISTOL-LES-ALES","30-CAVE COOP DE ST CHRISTOL LES A","31822","0","0","89.1","9.5","1.5","0","30"
"30-SAINT-CLEMENT","30-LES TERRASSES DU VIDOURLE SCA","29780","0.6","0","81.2","17.9","0.2","0","30"
"30-SAINT-DEZERY","30-CAVE COOP DE ST DEZERY","41785","0","0","77.9","16.9","3.3","2","30"
"30-SAINT-ETIENNE-DES-SORTS","30-CAVE COOP SAINT ETIENNE DES S","9780","90.4","2.7","6.9","0","0","0","30"
"30-SAINT-GENIES-DE-MALGOIRES","30-CAVE COOP DE ST GENIES DE MALG","64686","0","0","84.5","12","2.7","0.8","30"
"30-SAINT-GERVAIS","30-CAVE COOP SAINT GERVAIS","11905","79.5","1.8","14.8","1.2","2.6","0","30"
"30-SAINT-HIPPOLYTE-DU-FORT","30-ST-HIPPOLYTE-DU-FORT(C.COOP)","11648","0.5","0.4","86.8","9.5","2.8","0","30"
"30-SAINT-JEAN-DE-SERRES","30-CAVE COOP DE ST JEAN DE SERRES","19600","0","0","63.5","36.5","0","0","30"
"30-SAINT-JULIEN-DE-PEYROLAS","30-CAVE COOP ST JULIEN DE PEYROLA","11579","64.5","0","23","2.6","9.7","0.2","30"
"30-SAINT-LAURENT-DE-CARNOLS","30-CAVE COOP SAINT LAURENT DE C","20445","80.4","0.2","18.1","1.2","0","0","30"
"30-SAINT-LAURENT-DES-ARBRES","30-CAVE COOP DE ST LAURENT DES A","11824","74.3","6.5","4.1","0","14","1.1","30"
"30-SAINT-MARCEL-DE-CAREIRET","30-CAVE COOP ST MARCEL DE CARREIR","12495","83.7","2.5","3.7","0","10.1","0","30"
"30-SAINT-MAURICE-DE-CAZEVIEILLE","30-CAVE COOP DE ST MAURICE DE CAZ","103755","0","0","81.5","15.8","2.6","0","30"
"30-SAINT-PAULET-DE-CAISSON","30-CAVE ST PAULET DE CAISSON","16308","34.1","3.4","52.9","7.6","2.1","0","30"
"30-SAINT-PONS-LA-CALM","30-CAVE COOP SAINT PONS LA CALM","18720","71.1","0.4","13.1","0","15.3","0","30"
"30-SAINT-QUENTIN-LA-POTERIE","30-CAVE COOP ST QUENTIN LA POT","18300","0","0","72.8","16.3","0","11","30"
"30-SAINT-SIFFRET","30-CAVE COOP DE ST SIFFRET","11400","0","0","85.1","12.8","2","0.1","30"
"30-SAINT-VICTOR-LA-COSTE","30-CAVE COOP ST VICTOR LA COSTE","23248","65.7","4.2","26.8","2.6","0.4","0.3","30"
"30-SOMMIERES","30-SOMMIERES(CAVE COOP SCA)","39358","2.1","0.2","83.7","13.6","0.4","0","30"
"30-SOUVIGNARGUES","30-SOUVIGNARGUES (CAVE COOP)","45123","0.1","0","86.7","9.9","3","0.2","30"
"30-TAVEL","30-CAVE COOP DE TAVEL","25430","79.9","2.1","9.2","0.7","8.2","0","30"
"30-TORNAC","30-CAVE COOP DE TORNAC","21225","0","0","81.5","15.6","2.4","0.5","30"
"30-VAUVERT","30-GALLICIAN","54132","32.7","2.3","53.7","3.8","7","0.5","30"
"30-VAUVERT","30-VAUVERT COOP","47816","28.4","1.4","36.9","20.9","9.3","3","30"
"30-VENEJAN","30-SCA CELLIER VENEJAN-PORTE D'OR","12300","69.6","1.5","20","0","8.1","0.8","30"
"30-VERGEZE","30-VERGEZE(CAVE COOPERATIVE SCA)","60963","2.1","0","71.3","12.9","9.9","3.7","30"
"30-VERS-PONT-DU-GARD","30-CAVE COOP DE VERS PONT DU GARD","17479","0","0","89.4","10.6","0","0","30"
"30-VIC-LE-FESQ","30-VIC LE FESQ (CAVE COOPERATIVE)","5103","0","0","67.9","22.4","9.6","0","30"
"31-FRONTON","31-CAVE COOPERATIVE DE FRONTON","56815","60.5","0","37.7","0.6","1.2","0","31"
"31-PEYSSIES","31-COPEVAL","12","0","0","0","0","100","0","31"
"32-CONDOM","32-TERRES DE GASCOGNE CAVE COOP","93870","0.2","0.2","26","64.9","1.1","7.7","32"
"32-NOGARO","32-CAVE COOP NOGARO","71282","0.7","0.6","2.8","67.5","6.8","21.5","32"
"32-PANJAS","32-LES VIGNERONS DU GERLAND","232521","0","0","4.5","62.9","12.7","19.9","32"
"32-SAINT-MONT","32-VIGNERONS DU SAINT MONT SCA","177911","27.1","8.2","12.1","48.4","2.9","1.3","32"
"32-VIC-FEZENSAC","32-VIVADOUR CAVE (SCA)","143275","0","0","8.5","76.6","5.4","9.5","32"
"33-AUBIE-ET-ESPESSAS","33-CAVE AUBIE ESPESSAS","11477","93.7","0","0","0","6.3","0","33"
"33-BLASIMON","33-CAVE COOP BLASIMON","27063","79.4","19.2","0","0","1.4","0","33"
"33-CARS","33-COOP VINIFI BLAYAIS CARS","11027","98.1","1.9","0","0","0","0","33"
"33-CREON","33-COOP VINIFI CREON","12769","67","19.5","0","0","13.3","0.2","33"
"33-CUSSAC-FORT-MEDOC","33-SCA CUSSAC FORT MEDOC","2020","100","0","0","0","0","0","33"
"33-ESPIET","33-CAVE COOP INTERCOM D'ESPIET","45039","80.4","19.6","0","0","0","0","33"
"33-FLAUJAGUES","33-COOP DE JUILLAC ET FLAUJAGUES","22715","96.6","3.3","0","0","0","0.1","33"
"33-GAILLAN-EN-MEDOC","33-UNI-MEDOC CAVE COOP","63277","99.7","0","0","0","0.3","0","33"
"33-GARDEGAN-ET-TOURTIRAC","33-COOP'COTES CASTILLON & FRANCS'","11416","100","0","0","0","0","0","33"
"33-GAURIAC","33-CAVE COOPERATIVE DU BOURGEAIS","5870","99.4","0","0","0","0.6","0","33"
"33-GIRONDE-SUR-DROPT","33-LA GIRONDAISE (SCV)","29298","85.8","13.7","0","0","0.3","0.2","33"
"33-GUITRES","33-CAVE COOP VINICOLE DE GUITRES","7512","100","0","0","0","0","0","33"
"33-LANDERROUAT","33-VIGNERONS LANDERROUAT DURAS SC","143863","65.8","25.7","4.5","1.8","1.7","0.4","33"
"33-LANGOIRAN","33-CAVE DE LANGOIRAN","9743","75.5","23.9","0","0","0.6","0","33"
"33-LAPOUYADE","33-CAVE COOP DE LAPOUYADE TIZAC","5862","97.8","0.5","0","0","1.7","0","33"
"33-LES LEVES-ET-THOUMEYRAGUES","33-STE COOP AGRICOLE UNIVITIS","112124","79.3","20.5","0","0","0","0.2","33"
"33-LISTRAC-MEDOC","33-COOP VINIFI LISTRAC-MEDOC","8421","97.5","0","2.5","0","0","0","33"
"33-LUGON-ET-L'ILE-DU-CARNAY","33-CAVE COOP VINICOLE DE LUGON","49622","99.6","0.2","0","0","0.2","0","33"
"33-MARANSIN","33-CAVE COOP MARANSIN","10860","97.6","2.4","0","0","0","0","33"
"33-MARCILLAC","33-COOP VINIFI HAUTS DE GIRONDE","199625","84.4","13.4","0","0","1.3","0.9","33"
"33-MESTERRIEUX","33-CAVE COOP DE MESTERRIEUX","60558","87.3","12.2","0.4","0","0","0.1","33"
"33-MONSEGUR","33-SCA VIGNERONS REUNIS DE MONSEG","75464","93","6.7","0","0","0.2","0","33"
"33-MONTAGNE","33-CAVE COOP MONTAGNE ST EMILION","3831","100","0","0","0","0","0","33"
"33-NERIGEAN","33-CAVE COOP VINICOLE DE NERIGEAN","24161","97.3","2.7","0","0","0","0","33"
"33-PAUILLAC","33-COOP VINIFI PAUILLAC","1841","100","0","0","0","0","0","33"
"33-PUISSEGUIN","33-COOP VINICOLE PUISSEGUIN ST EM","53722","100","0","0","0","0","0","33"
"33-QUINSAC","33-COOP VINIFI QUINSAC","17107","94.8","3.1","0","0","2.1","0","33"
"33-RAUZAN","33-RAUZAN & GRANGENEUVE U D P","172980","82.3","17.5","0","0","0.2","0","33"
"33-RUCH","33-CAVE COOPERATIVE RUCH","40217","91","9","0","0","0","0","33"
"33-SAINT-CHRISTOPHE-DE-DOUBLE","33-CAVE COOP DE ST CHRISTOPHE","6168","73.4","9.8","0","0","16.8","0","33"
"33-SAINT-EMILION","33-CAVE COOP DE ST EMILION","40669","100","0","0","0","0","0","33"
"33-SAINT-ESTEPHE","33-ST ESTEPHE & VERTHEUIL (COOP)","4343","100","0","0","0","0","0","33"
"33-SAINT-PEY-DE-CASTETS","33-VIGNERONS ST PEY GENISSAC SCA","57926","92.5","7.3","0","0","0.2","0","33"
"33-SAINT-PIERRE-D'AURILLAC","33-CAVE SAINT PIERRE D AURILLAC","15133","90.1","9.9","0","0","0","0","33"
"33-SAINT-SAUVEUR","33-COOP VINIFI ST SAUVEUR","1328","96.5","0","0","0","3.5","0","33"
"33-SAINT-SEURIN-DE-CADOURNE","33-COOP VINIFI ST SEURIN DE CADOU","3323","100","0","0","0","0","0","33"
"33-SAINT-YZANS-DE-MEDOC","33-COOP VINIFI ST YZANS-MEDOC","8791","99","0","0","0","1","0","33"
"33-SAINTE-RADEGONDE","33-CAVE COOP STE RADEGONDE","28258","84.7","15.1","0.2","0","0","0","33"
"33-SAUVETERRE-DE-GUYENNE","33-CAVE COOP SAUVETERRE","118523","74.3","25.5","0","0","0.2","0.1","33"
"33-TAURIAC","33-ALLIANCE BOURG SCV","39039","99.6","0.4","0","0","0","0","33"
"34-ABEILHAN","34-CAVE COOP ABEILHAN","117763","0.9","0","74.2","22.2","2.7","0.1","34"
"34-ADISSAN","34-CAVE COOP ADISSAN","31271","4.5","6.5","62.8","24.1","2.1","0","34"
"34-ALIGNAN-DU-VENT","34-CAVE COOP ALIGNAN DU VENT","48727","6.2","0.2","67.1","25.4","1.1","0","34"
"34-ASSAS","34-CAVE COOPERATIVE D ASSAS","38672","10.3","0.6","64.2","11.3","13.5","0","34"
"34-BERLOU","34-CAVE COOP BERLOU","8001","92.4","2.4","4.6","0.4","0.2","0","34"
"34-BESSAN","34-CAVE COOP BESSAN","30824","0","0","52.2","38.8","8","1","34"
"34-BEZIERS","34-CAVE COOP BEZIERS","22291","0","0","71.1","26.2","1.5","1.2","34"
"34-CABRIERES","34-CAVE COOP CABRIERES","12397","76.1","5.6","14","2.8","1.1","0.3","34"
"34-CERS","34-CAVE COOP CERS-PORTIRAGNES","73478","0","0","70.4","23.9","5.7","0","34"
"34-CESSENON-SUR-ORB","34-CAVE COOP CESSENON","40366","9.1","0.1","88.2","0.5","2.2","0","34"
"34-CLERMONT-L'HERAULT","34-CAVE COOP CLERMONT HERAULT","30800","0.5","0","83.3","12.9","3.4","0","34"
"34-CORNEILHAN","34-CAVE COOP CORNEILHAN","79967","0.2","0","80.2","16","3.6","0","34"
"34-COURNONSEC","34-TERROIRS DE LA VOIE DOMITIENNE","59142","0","0","90.3","5.6","4.1","0","34"
"34-COURNONTERRAL","34-SCA COTEAUX DU TERRAL","31724","6.8","0","80.2","8.1","4.9","0","34"
"34-CRUZY","34-CAVE CRUZY-MONTOULIERS-CEBAZAN","105657","11","0","71.7","12.3","5","0","34"
"34-FAUGERES","34-CAVE COOP FAUGERES","44137","90.3","0.7","7.4","0.9","0.6","0","34"
"34-FLORENSAC","34-CAVE COOP FLORENSAC","61283","0","3","38.3","56.7","1.6","0.3","34"
"34-FONTES","34-CAVE COOP FONTES","41666","9","0.7","67.2","20.1","2.6","0.5","34"
"34-FRONTIGNAN","34-CAVE COOPERATIVE FRONTIGNAN","16527","0","79.7","0.8","19.4","0","0.1","34"
"34-GALARGUES","34-CAVE COOP BUZIGNARGUES-GALARGU","44793","0.4","0","89.3","7.8","2.2","0.3","34"
"34-GIGNAC","34-CAVE COOP GIGNAC","42863","5.1","0","83.1","9.7","1.9","0.1","34"
"34-HEREPIAN","34-CAVE COOP HEREPIAN","17470","0","0","80.2","16.8","3","0","34"
"34-LANSARGUES","34-CAVE COOP DE LANSARGUES","18815","0","0","0","0","97.4","2.6","34"
"34-LE POUGET","34-CAVE COOP LE POUGET","87942","0","0","62.5","12.6","19","5.9","34"
"34-LIEURAN-LES-BEZIERS","34-CAVE COOP LIEURAN LES BEZIERS","44006","0","0","79.3","20","0.7","0","34"
"34-MARAUSSAN","34-SCA VIGNERONS PAYS ENSERUNE","251976","3","0.4","71.6","23.6","1.5","0","34"
"34-MARSEILLAN","34-CAVE COOP MARSEILLAN","95277","0","0","39.3","60.7","0","0","34"
"34-MIREVAL","34-CAVE COOPERATIVE DE MIREVAL","2070","0","79.6","0","20.4","0","0","34"
"34-MONTAGNAC","34-CAVE COOP MONTAGNAC","123884","0.8","4.6","78.3","14.8","0.7","0.7","34"
"34-MONTAUD","34-CELLIERS DU VAL DES PINS COOP","39553","2.9","0.7","72.1","16.4","7.1","0.9","34"
"34-MONTBLANC","34-CAVE COOP MONTBLANC","104114","0","0","84.1","12.4","2.3","1.2","34"
"34-MONTPEYROUX","34-CAVE COOP MONTPEYROUX","22462","59.6","0.7","32.3","3.1","4.3","0","34"
"34-MURVIEL-LES-BEZIERS","34-CAVE COOP MURVIEL LES BEZIERS","33550","23.6","0.4","64.3","8","3.7","0","34"
"34-OLONZAC","34-CAVE COOP OLONZAC","70215","2.2","0","85.3","9.4","3.2","0","34"
"34-PEGAIROLLES-DE-L'ESCALETTE","34-CAVE COOP PEGAIROLLES","4245","6.8","0","80.8","1.1","11.2","0","34"
"34-PEZENAS","34-CAVE COOP PEZENAS UNION","51865","0.7","0","83.4","12.3","3.1","0.5","34"
"34-PIGNAN","34-CAVE COOPERATIVE DE PIGNAN","12174","0","0","78","20.9","1.1","0","34"
"34-PINET","34-CAVE COOP PINET","92617","5","31.9","45.8","15.8","1","0.5","34"
"34-POMEROLS","34-CAVE COOP POMEROLS","109156","0","18","43.1","35.2","0.1","3.6","34"
"34-PRADES-LE-LEZ","34-CAVE COOPERATIVE PRADES LE LEZ","12890","0","0","50.9","49.1","0","0","34"
"34-PUILACHER","34-CAVE COOP PUILACHER","181794","1.4","0.5","72.3","19","6.4","0.5","34"
"34-PUIMISSON","34-CAVE COOP PUIMISSON","12184","0","0","82.7","16.2","1.2","0","34"
"34-QUARANTE","34-CAVE COOP QUARANTE","34396","12.2","0","76.7","8.9","2.1","0","34"
"34-ROQUEBRUN","34-CAVE COOP ROQUEBRUN","20555","72.3","5.2","21.5","0.5","0.3","0.2","34"
"34-SAINT-BAUZILLE-DE-LA-SYLVE","34-CAVE COOP SAINT-BAUZILLE","56524","1.4","0","76","10","10.7","1.9","34"
"34-SAINT-CHINIAN","34-CAVE COOP SAINT CHINIAN","28301","73.1","1.1","22.7","2","1.1","0","34"
"34-SAINT-CHRISTOL","34-CAVE COOPERATIVE ST CHRISTOL","12573","40.2","0","37.7","8.2","13.4","0.5","34"
"34-SAINT-FELIX-DE-LODEZ","34-CAVE COOP ST FELIX-ST JEAN","39220","30","2.9","37.7","6.8","21.9","0.7","34"
"34-SAINT-GENIES-DE-FONTEDIT","34-CAVE COOP ST GENIES DE FONTEDI","22425","0","0","79.9","18.3","1.8","0","34"
"34-SAINT-GENIES-DES-MOURGUES","34-COOP COTEAUX DE MONTPELLIER","45617","5.6","0.5","84.1","7.9","1.9","0","34"
"34-SAINT-GEORGES-D'ORQUES","34-CAVE COOP ST GEORGES D ORQUES","24589","22.5","0.7","58.3","16.2","2.4","0","34"
"34-SAINT-JEAN-DE-FOS","34-CAVE COOP ST JEAN DE FOS","22971","0","0","88.7","6.3","5","0","34"
"34-SAINT-JEAN-DE-MINERVOIS","34-CAVE COOP ST JEAN MINERVOIS","9072","4.2","44","22.8","17.5","11.6","0","34"
"34-SAINT-MATHIEU-DE-TREVIERS","34-CAVE COOP LES COTEAUX DU PIC","48514","18.1","0","67.2","5.1","9.6","0","34"
"34-SAINT-PARGOIRE","34-LES VIGNERONS DE SOUBERGUES","76356","1.5","0.1","81.2","9.2","7.8","0.2","34"
"34-SAINT-SATURNIN-DE-LUCIAN","34-CAVE COOP ST SATURNIN","31347","51.5","0.3","39","6.2","3","0","34"
"34-SERIGNAN","34-CAVE COOP SERIGNAN","69797","1.1","0","64.9","25.5","7.6","0.9","34"
"34-SERVIAN","34-CAVE COOP SERVIAN","189375","0.4","0","77.5","14.3","7.5","0.4","34"
"34-VENDARGUES","34-CAVE COOPERATIVE VENDARGUES","62161","1.5","0.1","85.5","10","2.5","0.4","34"
"34-VERARGUES","34-CAVE COOPERATIVE DE VERARGUES","2769","0","18.5","0","81.5","0","0","34"
"34-VIAS","34-CAVE COOPERATIVE VIAS","9110","0","0","79.8","11.7","8.6","0","34"
"37-BLERE","37-SCA CELLIER DU BEAUJARDIN","12789","67.5","24.2","6","0.2","0","2.1","37"
"37-FRANCUEIL","37-LA GOURMANDIERE CAVE COOP","18949","59.8","39.2","0.9","0.2","0","0","37"
"37-LIMERAY","37-CELLIER LEONARD DE VINCI COOP","7275","43.4","46","0","0","9.8","0.8","37"
"37-RESTIGNE","37-CAVE DES VINS DE BOURGUEIL","15143","100","0","0","0","0","0","37"
"39-ARBOIS","39-FRUITIERE VINICOLE D'ARBOIS","11307","31.3","68.3","0","0","0.1","0.3","39"
"39-LE VERNOIS","39-CAVEAU DES BYARDS","1978","16.7","83.3","0","0","0","0","39"
"39-PUPILLIN","39-FRUITIERE VINICOLE DE PUPILLIN","3288","32.9","66.9","0","0","0","0.2","39"
"39-VOITEUR","39-FRUITIERE VINICOLE DE VOITEUR","3444","13.3","86.4","0","0","0","0.3","39"
"40-GEAUNE","40-VIGNERONS LANDAIS TURSAN","35104","43.8","5.7","32.3","16","0","2.2","40"
"41-MONT-PRES-CHAMBORD","41-CAVE COOP DE MT PRES CHAMBORD","6435","38","52.5","1.6","1.1","3.7","3.2","41"
"41-OISLY","41-CONFRERIE VIGNERONS OISLYTHESE","11523","23.8","70.5","0.5","4.9","0.2","0","41"
"41-SAINT-ROMAIN-SUR-CHER","41-CAVE COOP DE ST ROMAIN S/CHER","15036","25.7","58.3","3.8","10.3","1.4","0.5","41"
"41-VILLIERS-SUR-LOIR","41-CAVE COOP DU VENDOMOIS","9279","35.5","4.8","22.2","13.5","24.1","0","41"
"44-ANCENIS","44-TERRENA.VIGNERONS DE LA NOELLE","44513","20.5","63.8","5","8.5","0.2","2","44"
"44-LE PALLET","44-SCV.VIGNERONS DU PALLET","615","0","100","0","0","0","0","44"
"44-VALLET","44-LES VIGNERONS TERROIR DE LOIRE","55","0","100","0","0","0","0","44"
"46-GLANES","46-S.C.VITI.VIGNERONS HAUT QUERCY","1357","0","0","96.8","3.2","0","0","46"
"46-PARNAC","46-LES COTES D'OLT","26503","73.6","0","26.4","0","0","0","46"
"46-ROCAMADOUR","46-SCA VIGNERONS DE ROC-AMADOUR","291","0","0","92.3","0","7.7","0","46"
"47-BUZET-SUR-BAISE","47-CAVE DES VIGNERONS DE BUZET","107110","94.1","4.4","0","0.1","1.5","0","47"
"47-COCUMONT","47-CAVE DU MARMANDAIS","48347","95.1","1.3","3.4","0.1","0","0","47"
"47-MONFLANQUIN","47-CAVE COOP DE MONFLANQUIN","6814","0","0","72.8","4.2","14.7","8.4","47"
"47-POUDENAS","47-CAVE COOP DU MEZINAIS","21533","0","0","12.9","82.5","0","4.6","47"
"47-THEZAC","47-CAVE DES VIGNERONS DE THEZAC","1725","0","0","99.1","0","0.9","0","47"
"49-BRISSAC-QUINCE","49-LES CAVES DE LA LOIRE","93681","80.2","14.1","0","3.2","0.2","2.3","49"
"49-SAINT-CYR-EN-BOURG","49-CAVE DES VIGNERONS DE SAUMUR","103914","72.1","27.5","0","0.4","0","0.1","49"
"64-CROUSEILLES","64-SCA VIGNERONS DU MADIRAN","51474","81.6","12.5","3.6","0.3","2","0","64"
"64-GAN","64-CAVE COOPERATIVE DE JURANCON","40245","21.4","78","0","0","0.1","0.5","64"
"64-SAINT-ETIENNE-DE-BAIGORRY","64-CAVE D'IROULEGUY","5330","77","9.7","0","0","13.3","0","64"
"66-ARGELES-SUR-MER","66-SCV PERPIGNAN COTE VERMEILLE","3187","45.4","10.1","31.1","7.6","5.8","0","66"
"66-BAIXAS","66-SCV LES VIGNERONS DE BAIXAS","70848","28.2","39","21.6","11.3","0","0","66"
"66-BANYULS-SUR-MER","66-GICB (COOP)","17369","81.3","17","0","0","1.6","0","66"
"66-BANYULS-SUR-MER","66-SCV L ETOILE","1426","88.9","10.7","0.5","0","0","0","66"
"66-CABESTANY","66-SCV C.A.V.E.S","14532","35.1","20.8","32.4","8.1","3.7","0","66"
"66-CALCE","66-SCV COOP VINICOLE DE CALCE","3665","38.8","56.7","0","0","4.5","0","66"
"66-CARAMANY","66-SCV COOP VINICOLE CARAMANY","8318","79.5","0.2","17.3","1.5","1.5","0","66"
"66-CASES-DE-PENE","66-SCV DE L AGLY   CASES DE PENES","10969","22.3","40.8","25.4","7.8","3.7","0","66"
"66-COLLIOURE","66-LE DOMINICAIN (SCV)","2239","88.4","11.6","0","0","0","0","66"
"66-ESTAGEL","66-LES VIGNERONS COTES D AGLY SCV","25279","48.3","27.7","18.9","4.3","0.8","0","66"
"66-LATOUR-DE-FRANCE","66-SCV LES VIGNERONS DE LATOUR DE","7634","48.6","27.8","21.4","2.3","0","0","66"
"66-LE BOULOU","66-SCV LES VIGNERONS DU VALLESPIR","11802","37.1","17.6","36.2","4.5","4.6","0","66"
"66-LESQUERDE","66-SCV COOP VINICOLE LESQUERDE","5067","76.2","14.5","7.9","1.5","0","0","66"
"66-MAURY","66-LES VIGNERONS DE MAURY","15486","48.1","15.6","35.7","0.5","0","0","66"
"66-MILLAS","66-SCV LES VIGNERONS DE FORCA-REA","4020","41.9","23.8","19.6","6.3","8.4","0","66"
"66-PASSA","66-SCA DES VIGNERONS DE PASSA","20708","38.6","36.3","12.3","11.1","1.8","0","66"
"66-POLLESTRES","66-SCV VIGNOBLE DU HAUT ROUSSILLO","26330","23","33.9","28.2","11.8","1.9","1.2","66"
"66-RASIGUERES","66-SCV LES VIGNERONS DE TREMOINE","19018","78.9","14.6","5.7","0.9","0","0","66"
"66-RIVESALTES","66-SCV VIGNOBLES DU RIVESALTAIS","83086","27.9","33.6","21.5","15.3","1.2","0.4","66"
"66-SAINT-ANDRE","66-SCV COOP AGR VINIF ST ANDRE","4833","45.6","18.8","25.4","3.6","6.6","0","66"
"66-SAINT-GENIS-DES-FONTAINES","66-SCV DES ALBERES  ST GENIS","18459","43.7","10.5","25.3","14.7","5.8","0","66"
"66-SAINT-HIPPOLYTE","66-SCV COOP VINICOLE ST HIPPOLYTE","6473","16.7","21.5","35.8","21.7","3.9","0.5","66"
"66-SALEILLES","66-SCV COOP VINICOLE SALEILLES","4821","30","45.3","19.8","4.9","0","0","66"
"66-TAUTAVEL","66-LES VIGNERONS TAUTAVEL VINGRAU","22538","29","38.7","27.4","3.3","1.3","0.3","66"
"66-TERRATS","66-SCV LES VIGNERONS DE CONSTANCE","37024","46.6","13.8","30.1","9.5","0","0","66"
"66-TREVILLACH","66-VIGNERONS COTEAUX TET FENOUILL","5692","57.7","3.1","30.2","2.1","6.9","0","66"
"66-TROUILLAS","66-SCV COOP VIGNOBLE SUD ROUSSILL","25346","50.7","23.6","16.7","5.3","3.1","0.6","66"
"66-VINCA","66-SCV VIGNERONS EN TERRE ROMANE","11400","68.5","5","21.4","5","0","0","66"
"69-BULLY","69-CAVE BEAUJ VIGNE BULLY QUINCIE","74578","94.1","5.8","0","0","0.1","0","69"
"69-CHENAS","69-CAVE DU CHATEAU DE CHENAS","11495","100","0","0","0","0","0","69"
"69-FLEURIE","69-CAVE  GRANDS VINS DE FLEURIE","17026","99.8","0","0","0","0.2","0","69"
"69-GLEIZE","69-COOP INTERCOMMUNALE GLEIZE","12118","98.3","1.3","0","0","0.1","0.3","69"
"69-JULIENAS","69-CAVE DES GRANDS VINS JULIENAS","10819","98.1","0.5","0","0","1.5","0","69"
"69-LE BOIS-D'OINGT","69-CAVE DU BOIS D'OINGT","11972","95.9","1.1","0","0","2.5","0.5","69"
"69-LE PERREON","69-CAVE DU CHATEAU LES LOGES","20710","98.6","0.8","0","0","0.6","0","69"
"69-LETRA","69-LES VIGNERONS DU DOURY","16709","95","5","0","0","0","0","69"
"69-SAIN-BEL","69-CAVE DES VIGNERONS DE SAIN BEL","12692","87.8","6.7","0","0","3","2.4","69"
"69-SAINT-ETIENNE-DES-OULLIERES","69-CELLIER DES ST ETIENNE","23999","99","0.5","0.2","0","0.2","0","69"
"69-SAINT-JEAN-D'ARDIERES","69-CAVE DES VIGNERONS DE BEL AIR","34891","94.3","5.4","0","0","0","0.2","69"
"69-SAINT-JULIEN","69-CAVE COOPERATIVE BEAUJOLAISE","13145","98.2","1.7","0","0","0.1","0","69"
"69-SAINT-LAURENT-D'OINGT","69-CAVE BEAUJOLAISE DE ST LAURENT","12647","97","3","0","0","0","0","69"
"69-SAINT-VERAND","69-CAVE COOPERATIVE SAINT VERAND","15598","94.1","5.8","0","0","0.2","0","69"
"69-THEIZE","69-OEDORIA","46328","90.3","7.9","0.5","0","0.4","0.9","69"
"71-AZE","71-CAVE AZE","18593","18.4","81.5","0","0","0","0.1","71"
"71-BISSEY-SOUS-CRUCHAUD","71-CAVE BISSEY SOUS CRUCHAUD","3640","39.1","60.9","0","0","0","0","71"
"71-BUXY","71-CAVE BUXY SAINT-GENGOUX","60713","29.4","70.5","0","0","0.1","0","71"
"71-CHAINTRE","71-CAVE CHAINTRE","3659","0.7","99.2","0","0","0","0.1","71"
"71-CHARNAY-LES-MACON","71-CAVE CHARNAY LES MACON","8159","18.5","81.4","0","0","0","0.2","71"
"71-CLESSE","71-CAVE COOP LA VIGNE BLANCHE","6962","0.8","98.8","0","0","0","0.3","71"
"71-GENOUILLY","71-CAVE GENOUILLY","4764","38","61.7","0","0","0","0.4","71"
"71-IGE","71-CAVE IGE","18539","28.5","71.1","0","0","0.1","0.3","71"
"71-LUGNY","71-CAVE LUGNY ST GENGOUX DE SCISS","96547","7.8","92.2","0","0","0","0","71"
"71-MANCEY","71-CAVE MANCEY","8783","32.2","67.6","0","0","0.1","0","71"
"71-PRISSE","71-CAVE PRISSE-SOLOGNY-VERZE","61202","14.5","85.3","0","0","0.2","0","71"
"71-VINZELLES","71-CAVE DES GRANDS CRUS","7123","9.4","90.6","0","0","0","0","71"
"71-VIRE","71-CAVE VIRE","23033","0","99.7","0","0","0","0.3","71"
"73-APREMONT","73-LE VIGNERON SAVOYARD COOP","4262","3.8","93.4","0","2","0","0.7","73"
"73-CRUET","73-CAVE DES VINS FINS DE CRUET","21060","40.9","49.8","1","2.1","6.2","0","73"
"73-RUFFIEUX","73-CAVE DE CHAUTAGNE","6705","63.3","31.5","0","0","5.2","0","73"
"81-LABASTIDE-DE-LEVIS","81-CAVE COOPERATIVE DE LABASTIDE","72811","19.1","15","39.7","18.7","7.5","0","81"
"81-RABASTENS","81-VIGNERONS DE RABASTENS","73643","29.5","9.7","53.9","6.8","0","0.1","81"
"81-TECOU","81-CAVE COOPERATIVE DE TECOU","26716","41.2","15.3","27.7","15.3","0.1","0.4","81"
"82-DONZAC","82-CAVECOOP DONZAC","7970","66.6","0","20.3","2","11","0","82"
"82-MONTPEZAT-DE-QUERCY","82-CAVECOOP MONTPEZAT-DE-QUERCY","6802","23.1","0","65.7","1","10.2","0","82"
"82-SAINT-SARDOS","82-CAVECOOP SAINT-SARDOS","8451","68.1","0","16","5.3","10.6","0","82"
"83-BESSE-SUR-ISSOLE","83-COOP VINI BESSE","16538","58.3","0","41.3","0.5","0","0","83"
"83-BORMES-LES-MIMOSAS","83-COOP VINI BORMES LES MIMOSAS","4393","77.9","1.2","19.2","0.3","0.5","0.9","83"
"83-BRIGNOLES","83-VIGNERONS DE LA PROVENCE VERTE","27090","53.9","0.2","43.3","2.4","0.2","0","83"
"83-BRUE-AURIAC","83-COOP VINI BRUE AURIAC","11417","60","0","33.5","6.4","0.1","0","83"
"83-CARCES","83-COOP VINICOLE LA CARCOISE","33301","68.6","0.2","28.8","2.3","0","0","83"
"83-COGOLIN","83-COOP VINI COGOLIN","12197","53.3","1.1","41.8","3.8","0","0","83"
"83-COLLOBRIERES","83-COOP VINI COLLOBRIERES","11905","83.9","0.7","13.8","1.4","0.3","0","83"
"83-CORRENS","83-COOP VINI CORRENS","6936","50","8.2","36.6","5.2","0","0","83"
"83-COTIGNAC","83-COOP VINI COTIGNAC","14027","83.5","2","12.8","1.4","0.3","0","83"
"83-CUERS","83-COOP VINI CUERS ST ROCH","30433","88.7","4.6","0","0","5.8","0.9","83"
"83-DRAGUIGNAN","83-COOP VINI CELLIER 3 COLLINES","13998","77.6","1.2","20.1","1.1","0","0","83"
"83-ENTRECASTEAUX","83-COOP VINI ENTRECASTEAUX","9699","79.6","0.9","16.9","2.6","0","0","83"
"83-FLASSANS-SUR-ISSOLE","83-COOP VINI FLASSANS","41714","56.5","0.5","27.9","10.4","0.4","4.3","83"
"83-GONFARON","83-COOP VINI GONFARON","28347","81.4","1.6","16.7","0","0.2","0","83"
"83-GRIMAUD","83-COOP VINI GRIMAUD","40445","67.1","0.8","31.1","1","0","0","83"
"83-LA CADIERE-D'AZUR","83-COOP VINI LA CADIERE","34015","58.1","0.5","37.4","4","0","0","83"
"83-LA CADIERE-D'AZUR","83-COOP VINI BANDOL.","11180","93.8","2.6","3.6","0","0","0","83"
"83-LA CRAU","83-COOP VINI LA CRAU","20125","45.9","1.9","42.6","2.4","7.1","0","83"
"83-LA LONDE-LES-MAURES","83-COOP VINI LA LONDE","15533","77.2","0.9","21.9","0","0","0","83"
"83-LA MOTTE","83-COOP VINI LA MOTTE","30635","62.6","1.2","33.1","2","1.1","0","83"
"83-LA ROQUEBRUSSANNE","83-COOP VINI LA ROQUEBRUSSANNE","25336","68.9","0","28.2","2.7","0.2","0","83"
"83-LA VERDIERE","83-COOP VINI LA VERDIERE","1364","0","0","95.2","0","4.8","0","83"
"83-LE CANNET-DES-MAURES","83-COOP VINI GUILDE VIG COEUR VAR","11445","75.2","0.1","11.9","1.1","11.7","0","83"
"83-LE LUC","83-COOP VINI LE LUC","15594","67.8","2","27.9","2.3","0","0","83"
"83-LE PLAN-DE-LA-TOUR","83-VIGNERONS DU PLAN DE LA TOUR","9618","88.1","1.5","10.4","0","0","0","83"
"83-LES ARCS","83-COOP VINI LES ARCS","22563","51.4","3.1","26.5","0","17.1","1.8","83"
"83-LORGUES","83-COOP VINI LORGUES","8338","83.6","0","16.4","0","0","0","83"
"83-MONTFORT-SUR-ARGENS","83-COOP VINI MONTFORT","27756","57","0.3","39.3","3.4","0","0","83"
"83-PIERREFEU-DU-VAR","83-COOP VINI PIERREFEU","35717","89.4","1.5","6.9","0.3","1.9","0","83"
"83-PIGNANS","83-COOP VINI PIGNANS","11482","83.3","0","15.6","1.1","0","0","83"
"83-POURCIEUX","83-SCA LES VIGNERONS DU BAOU","22116","85.4","1.3","13.2","0.1","0","0","83"
"83-POURRIERES","83-COOP VINI POURRIERES","52383","62.2","0.1","36.1","1.1","0.5","0","83"
"83-PUGET-VILLE","83-COOP VINI PUGET VILLE","35249","93.2","1.4","5.4","0","0","0","83"
"83-RAMATUELLE","83-COOP VINI RAMATUELLE","17866","73.5","3.1","21.3","2.1","0","0","83"
"83-RIANS","83-COOP VINI RIANS ARTIGUES","6834","33.4","0","54.9","0","5.7","6","83"
"83-ROUGIERS","83-COOP VINI ROUGIERS","10155","53.5","0.2","41.5","4.2","0.6","0","83"
"83-SAINT-ANTONIN-DU-VAR","83-LES TREILLES D'ANTONIN","1712","89.4","3.4","7.3","0","0","0","83"
"83-SAINT-MAXIMIN-LA-SAINTE-BAUME","83-COOP VINI ST MAXIMIN","29107","25.5","0.1","69.4","5","0","0","83"
"83-SAINT-TROPEZ","83-COOP VINI ST TROPEZ","5212","80","2.6","17.4","0","0","0","83"
"83-SANARY-SUR-MER","83-COOP VINI SIX FOURS","2570","30.6","0","49.7","1.7","18","0","83"
"83-SEILLONS-SOURCE-D'ARGENS","83-COOP VINI SEILLONS","24126","34.9","0","62.7","1.8","0.6","0","83"
"83-TARADEAU","83-COOP VINI TARADEAU","14667","63.4","3.1","24.9","1.3","7","0.4","83"
"83-VIDAUBAN","83-COOP VINI VIDAUBAN","26949","80.7","0.7","16.9","1","0.6","0","83"
"84-ANSOUIS","84-COOP ANSOUIS","37095","14.4","5.7","60.8","18.6","0.1","0.4","84"
"84-APT","84-COOP APT","50818","59.3","0.8","36.4","2.2","1.3","0","84"
"84-BEAUMES-DE-VENISE","84-COOP BEAUMES DE VENISE","45648","64.9","15.1","14.1","5.9","0","0","84"
"84-BEAUMONT-DU-VENTOUX","84-COOP BEAUMONT DU VENTOUX","13553","73.9","1.9","19.6","1.5","3.1","0","84"
"84-BEDOIN","84-COOP BEDOIN","41943","78.8","4.7","9.6","6.9","0","0","84"
"84-BONNIEUX","84-COOP BONNIEUX","29986","54.5","6.9","35.6","3","0","0","84"
"84-CABRIERES-D'AIGUES","84-COOP CABRIERES D AIGUES","15793","47.5","5.6","33.4","11","2.4","0.1","84"
"84-CAIRANNE","84-COOP. DES COTEAUX DE CAIRANNE","31937","88.4","3.6","7.8","0.1","0","0","84"
"84-CAROMB","84-COOP CAROMB","39349","80.7","3.5","10.3","1.7","3.8","0.1","84"
"84-CHATEAUNEUF-DE-GADAGNE","84-COOP TERRES D AVIGNON SCA","22839","79.6","2.6","16.9","0.8","0.1","0","84"
"84-COURTHEZON","84-COOP COURTHEZON","26308","44.7","2.3","49.8","2.6","0.5","0.1","84"
"84-CUCURON","84-COOP VINICOLE CUCURON","52110","34.5","10.3","33.3","16","5.1","0.8","84"
"84-GIGONDAS","84-GIGONDAS LA CAVE","8532","93.7","1.1","5.2","0","0","0","84"
"84-GOULT","84-CAVE DE LUMIERES (VIGN.REUNIS)","30809","51.1","4.9","40.1","3.9","0","0","84"
"84-GRAMBOIS","84-VINICOLE DE GRAMBOIS SCA","37655","24.6","8.6","35.8","12.9","13.7","4.4","84"
"84-LA TOUR-D'AIGUES","84-VALDEZE 'STE COOP AGRICOLE'","179427","14.7","10.5","33.3","19.2","7.9","14.4","84"
"84-MAUBEC","84-CAVE DU LUBERON SCA","29204","30.6","1.3","59.2","5.2","3.7","0","84"
"84-MAZAN","84-COOP MAZAN","38188","74.4","3.8","18.6","2.8","0.2","0.1","84"
"84-MORMOIRON","84-COOP TERRA VENTOUX","26216","88.1","1.9","7.6","1.1","1.3","0","84"
"84-PERTUIS","84-COOP DE PERTUIS","11642","13.5","5.4","41.1","30.8","4.9","4.3","84"
"84-PUYMERAS","84-COOPERATIVE ' LA COMTADINE '","54953","84.3","0.6","12.3","1.4","1.4","0","84"
"84-RASTEAU","84-CAVE DES VIGNERONS DE RASTEAU","25290","94.3","1.6","4.1","0","0","0","84"
"84-RICHERENCHES","84-LE CELLIER DES TEMPLIERS","22870","94.6","3.1","0","0","2.3","0","84"
"84-SABLET","84-COOPERATIVE LE GRAVILLAS","17211","78.9","2.4","17.6","0","0.6","0.4","84"
"84-SAINT-DIDIER","84-COOP SAINT DIDIER","10711","75.9","2.4","9.8","1.1","9.7","1.1","84"
"84-SAINTE-CECILE-LES-VIGNES","84-CAVE DES VIGNERONS REUNIS","80071","72.5","2.3","23.3","1","0.9","0","84"
"84-SAINTE-CECILE-LES-VIGNES","84-CAVE COOPERATIVE CECILIA","43759","82","2.9","15.1","0","0","0","84"
"84-SEGURET","84-LES VIGNERONS DE ROAIX-SEGURET","26555","84.9","1.7","11","2.1","0.2","0","84"
"84-SERIGNAN-DU-COMTAT","84-CAVE COOP LES COTEAUX DU RHONE","45367","53.6","1.3","42","2.6","0.5","0","84"
"84-VACQUEYRAS","84-CAVE DES VIGNERONS","26392","77.4","2","18.3","1","1.4","0","84"
"84-VAISON-LA-ROMAINE","84-CAVE COOP. VAISON LA ROMAINE","62971","85.8","1.1","12.7","0.4","0","0","84"
"84-VALREAS","84-CAVE COOPERATIVE LA GAILLARDE","66098","94.9","0.8","2.4","0","1.8","0","84"
"84-VILLEDIEU","84-CAVE LA VIGNERONNE - VILLEDIEU","34278","73.4","2.9","19.6","3.9","0.2","0","84"
"84-VISAN","84-CAVE COOPERATIVE 'LES COTEAUX'","40703","93.8","0.6","5.3","0","0.3","0","84"
"86-NEUVILLE-DE-POITOU","86-CAVE DU HAUT POITOU","19763","22","29","13","23.3","0.1","12.5","86"
"89-CHABLIS","89-CAVE COOP LA CHABLISIENNE","75176","0.6","99.4","0","0","0","0","89"
"89-SAINT-BRIS-LE-VINEUX","89-SICCAVA","18444","1.3","98.5","0","0","0.1","0","89"
"89-SAINT-PERE","89-SCA HENRI DE VEZELAY","1224","13.3","86.1","0","0","0.4","0.1","89"
