National winegrape bearing area (hectares) in 2010,,,,,,,,,,,,,,,,,,,,,,,,,,,,,,,,,,,,,,,,,,,,
Country of plantin,Algeria,Argentina,Armenia,Australia,Austria,Brazil,Bulgaria,Canada,Chile,China,Croatia,Cyprus,Czech Rep.,France,Georgia,Germany,Greece,Hungary,Italy,Japan,Kazakhstan,Luxembourg,Mexico,Moldova,Morocco,Myanmar,New Zealand,Peru,Portugal,Romania,Russia,Serbia,Slovakia,Slovenia,South Africa,Spain,Switzerland,Thailand,Tunisia,Turkey,Ukraine,United Kingdom,United States ,Uruguay
code_country_iso3,DZA,ARG,ARM,AUS,AUT,BRA,BGR,CAN,CHL,CHN,HRV,CYP,CZE,FRA,GEO,DEU,GRC,HUN,ITA,JPN,KAZ,LUX,MEX,MDA,MAR,MMR,NZL,PER,PRT,ROU,RUS,SRB,SVK,SVN,ZAF,ESP,CHE,THA,TUN,TUR,UKR,GBR,USA,URY
Abbo,,,,,,,,,,,,,,,,,,,,,,,,,2375,,,,,,,,,,,,,,,,,,,
Abbuoto,,,,,,,,,,,,,,,,,,,37,,,,,,,,,,,,,,,,,,,,,,,,,
Abouriou,,,,,,,,,,,,,,364,,,,,,,,,,,,,,,,,,,,,,,,,,,,,,
Abrusco,,,,,,,,,,,,,,,,,,,423,,,,,,,,,,,,,,,,,,,,,,,,,
Acolon,,,,,,,,,,,,,,,,440,,5,,,,,,,,,,,,,,,,,,,,,,,,4,,
Adakarasi,,,,,,,,,,,,,,,,,,,,,,,,,,,,,,,,,,,,,,,,69,,,,
Afus Ali,,,,,,,,,,,,,,,,,,,,,,,,,,,,,,,,,,,,8,,,,,,,,
Agiorgitiko,,,,,,,,,,,,,,,,,2905,,,,,,,,,,,,,,,,,,,,,,,,,,,
Aglianico,,53,,,,,,,,,,,,,,,,,9910,,,,,,,,,,,,,,,,,,,,,,,,,
Aglianicone,,,,,,,,,,,,,,,,,,,62,,,,,,,,,,,,,,,,,,,,,,,,,
Agni,,,,,,,,,,,,,6,,,,,,,,,,,,,,,,,,,,,,,,,,,,,,,
Agronomica,,,,,,,,,,,,,,,,,,,,,,,,,,,,,327,,,,,,,,,,,,,,,
Agua Santa,,,,,,,,,,,,,,,,,,,,,,,,,,,,,78,,,,,,,,,,,,,,,
Airen,,,,,,,,,,,,,,,,,,,,,,,,,,,,,,,,,,,,252364,,,,,,,,
Aladasturi,,,,,,,,,,,,,,,59,,,,,,,,,,,,,,,,,,,,,,,,,,,,,
Alarije,,,,,,,,,,,,,,,,,,,,,,,,,,,,,,,,,,,,1726,,,,,,,,
Alb de Ialoveni,,,,,,,,,,,,,,,,,,,,,,,,2,,,,,,,,,,,,,,,,,,,,
Albana,,,,,,,,,,,,,,,,,,,1523,,,,,,,,,,,,,,,,,,,,,,,,,
Albanello,,,,,,,,,,,,,,,,,,,18,,,,,,,,,,,,,,,,,,,,,,,,,
Albaranzeuli Bianco,,,,,,,,,,,,,,,,,,,7,,,,,,,,,,,,,,,,,,,,,,,,,
Albaranzeuli Nero,,,,,,,,,,,,,,,,,,,49,,,,,,,,,,,,,,,,,,,,,,,,,
Albarin Blanco,,,,,,,,,,,,,,,,,,,,,,,,,,,,,,,,,,,,23,,,,,,,,
Albarola,,,,,,,,,,,,,,,,,,,1453,,,,,,,,,,,,,,,,,,,,,,,,,
Albarossa,,,,,,,,,,,,,,,,,,,80,,,,,,,,,,,,,,,,,,,,,,,,,
Albillo Mayor,,,,,,,,,0,,,,,,,,,,,,,,,,,,,7,,,,,,,,1312,,,,,,,,
Albillo Real,,,,,,,,,,,,,,,,,,,,,,,,,,,,,,,,,,,,861,,,,,,,,
Alcanon,,,,,,,,,,,,,,,,,,,,,,,,,,,,,,,,,,,,60,,,,,,,,
Aleatico,,,,,,,,,,,,,,,,,,,333,,,,,,,,,,,,,,,,,,,,,,,,,
Aledo,,,,,,,,,,,,,,,,,,,,,,,,,,,,,,,,,,,,7,,,,,,,,
Aleksandrouli,,,,,,,,,,,,,,,281,,,,,,,,,,,,,,,,,,,,,,,,,,,,,
Aletta,,,,,,,,,,,,,,,,,,723,,,,,,,,,,,,,,,,,,,,,,,,,,
Alfrocheiro,,,,,,1,,,,,,,,,,,,,,,,,,,,,,,1180,,,,,,,7,,,,,,,,
Alicante Henri Bouschet,3020,166,,,,129,,,4228,,,,,4957,,,56,21,645,,,,,,1098,0,,,3322,,,,,,10,19551,,,842,488,,,431,22
Aligote,,,,,,0,,,,,,,,1952,124,,,0,,,277,,,15790,,,,,,7297,1029,,,,,,23,,,,9627,,,
Alionza,,,,,,,,,,,,,,,,,,,11,,,,,,,,,,,,,,,,,,,,,,,,,
Almafre,,,,,,,,,,,,,,,,,,,,,,,,,,,,,0,,,,,,,,,,,,,,,
Alminhaca,,,,,,,,,,,,,,,,,,,,,,,,,,,,,1,,,,,,,,,,,,,,,
Alphonse Lavallee,,,,,,,,,,,,,,829,,,,,,,,,,,,,,18,,,,,,,,36,,,,,,,,
Altesse,,,,,,,,,,,,,,356,,,,,,,,,,,,,,,,,,,,,,,,,,,,,,
Alvar Branco,,,,,,,,,,,,,,,,,,,,,,,,,,,,,0,,,,,,,,,,,,,,,
Alvar Roxo,,,,,,,,,,,,,,,,,,,,,,,,,,,,,2,,,,,,,,,,,,,,,
Alvarelhao,,,,,,,,,,,,,,,,,,,,,,,,,,,,,159,,,,,,,21,,,,,,,,
Alvarelhao Ceitao,,,,,,,,,,,,,,,,,,,,,,,,,,,,,0,,,,,,,,,,,,,,,
Alvarinho,,4,,,,0,,,0,,,,,,,,,,,,,,,,,,,,1989,,,,,,,3507,,,,,,,22,
Amaral,,,,,,,,,,,,,,,,,,,,,,,,,,,,,92,,,,,,,,,,,,,,,
Amigne,,,,,,,,,,,,,,,,,,,,,,,,,,,,,,,,,,,,,43,,,,,,,
Amur,,,,,,,,,,,,,,,,,,,,,,,,,,,,,,,146,,,,,,,,,,,,,
Ancellotta,,302,,,,99,,,,,11,,,,,,,,4343,,,,,,,,,,,,,,,,,,19,,,,,,,
Andre,,,,,,,,,,,,,261,,,0,,,,,,,,,,,,,,,,,211,,,,,,,,,,,
Antao Vaz,,,,,,,,,,,,,,,,,,,,,,,,,,,,,1252,,,,,,,,,,,,,,,
Ar110,,,,,,,,,,,,,,,,,,,,,,,,,,,,1,,,,,,,,,,,,,,,,
Ar99,,,,,,,,,,,,,,,,,,,,,,,,,,,,5,,,,,,,,,,,,,,,,
Aramon Noir,,,,,,,,,,,,,,2877,,,,,,,,,,,,,,,14,,,,,,,,,,,,,,,
Arany Sarfeher,,,,,,,,,,,,,,,,,,1133,,,,,,,,,,,,,,,,,,,,,,,,,,
Argelina,,,,,,,,,,,,,,,,,,,,,,,,,,,,,,,,,,,,1,,,,,,,,
Ariana,,,,,,,,,,,,,3,,,,,,,,,,,,,,,,,,,,,,,,,,,,,,,
Arinarnoa,,1,,,,3,,,,,,,,,,,,,,,,,,,,,,,,,,,,,,,,,,,,,,28
Arinto de Bucelas,,,,,,,,,,,,,,,,,,,,,,,,,,,,,4446,,,,,,,,,,,,,,,
Arinto Roxo,,,,,,,,,,,,,,,,,,,,,,,,,,,,,36,,,,,,,,,,,,,,,
Arjuncao,,,,,,,,,,,,,,,,,,,,,,,,,,,,,1,,,,,,,,,,,,,,,
Arneis,,,,153,,,,,,,,,,,,,,,970,,,,,,,,,,,,,,,,,,,,,,,,,
Arnsburger,,,,,,,,,,,,,,,,0,,,,,,,,,,,2,,28,,,,,,,,,,,,,,,
Arriloba,,,,,,3,,,,,,,,,,,,,,,,,,,,,,,,,,,,,,,,,,,,,,4
Arvesiniadu,,,,,,,,,,,,,,,,,,,30,,,,,,,,,,,,,,,,,,,,,,,,,
Arvine,,,,,,,,,,,,,,,,,,,19,,,,,,,,,,,,,,,,,,154,,,,,,,
Asirtiko Red,,,,,,,,,,,,,,,,,5,,,,,,,,,,,,,,,,,,,,,,,,,,,
Aspiran Bouschet,,3042,,,,,,,,,,,,,,,,,,,,,,,,,,,,,,,,,,,,,,,,,,
Asprouda,,,,,,,,,,,,,,,,,113,,,,,,,,,,,,,,,,,,,,,,,,,,,
Assaraky,,,,,,,,,,,,,,,,,,,,,,,,,,,,,1,,,,,,,,,,,,,,,
Assyrtiko,,,,,,,,,,,,,,,,,902,,,,,,,,,,,,,,,,,,,,,,,,,,,
Athiri,,,,,,,,,,,,,,,,,748,,,,,,,,,,,,,,,,,,,,,,,,,,,
Aubun,,,,,,,,,,,,,,648,,,,,,,,,,,,,,,,,,,,,,,,,,,,,,
Aurelius,,,,,,,,,,,,,44,,,,,,,,,,,,,,,,,,,,26,,,,,,,,,,,
Aurore,,,,,,,,,,,,,,,,,,,,,,,,,,,,,,,,,,,,,,,,,,,268,
Auxerrois,,,,,,,,38,,,,,,2351,,160,,,,,,183,,,,,,,,,,,,,,,,,,,,9,,
Avana,,,,,,,,,,,,,,,,,,,28,,,,,,,,,,,,,,,,,,,,,,,,,
Avarengo,,,,,,,,,,,,,,,,,,,987,,,,,,,,,,,,,,,,,,,,,,,,,
Avesso,,,,,,,,,,,,,,,,,,,,,,,,,,,,,685,,,,,,,,,,,,,,,
Azal,,,,,,,,,,,,,,,,,,,,,,,,,,,,,1072,,,,,,,,,,,,,,,
Babeasca Gris,,,,,,,,,,,,,,,,,,,,,,,,,,,,,,328,,,,,,,,,,,,,,
Babeasca Neagra,,,,,,,,,,,,,,,,,,,,,,,,80,,,,,,3042,,,,,,,,,,,,,,
Babic,,,,,,,,,,,359,,,,,,,,,,,,,,,,,,,,,,,,,,,,,,,,,
Babica,,,,,,,,,,,18,,,,,,,,,,,,,,,,,,,,,,,,,,,,,,,,,
Babosa de Madere,,,,,,,,,,,,,,,,,,,,,,,,,,,,,2,,,,,,,,,,,,,,,
Bacchus,,,,,,,,21,,,,,,,,1910,,0,,,,,,,,,,,,,,,,,,,,,,,,116,,
Baco Blanc,,,,,,,,,,,,,,773,,,,,,,,,,,,,,,,,,,,,,,,,,,,,,
Baco Noir,,,,,,,,373,,,,,,,,,,,,,,,,,,,,,,,,,,,,,,,,,,,95,
Baga,,,,,,,,,,,,,,,,,,,,,,,,,,,,,4108,,,,,,,,,,,,,,,
Bailey,,,,,,34,,,,,,,,,,,,,,,,,,,,,,,,,,,,,,,,,,,,,,
Bakator Roz,,,,,,,,,,,,,,,,,,2,,,,,,,,,,,,,,,,,,,,,,,,,,
Baratuciat,,,,,,,,,,,,,,,,,,,2,,,,,,,,,,,,,,,,,,,,,,,,,
Barbera,,546,,116,,5,,1,4,,,,,,,,,,20524,,,,,,,,,,,,,,,134,51,,,,,,,,2798,
Barbera Bianca,,,,,,,,,,,,,,,,,,,181,,,,,,,,,,,,,,,,,,,,,,,,,
Barbera Sarda,,,,,,,,,,,,,,,,,,,84,,,,,,,,,,,,,,,,,,,,,,,,,
Barcelo,,,,,,,,,,,,,,,,,,,,,,,,,,,,,23,,,,,,,,,,,,,,,
Barkhatnyi,,,,,,,,,,,,,,,,,,,,,,,,,,,,,,,30,,,,,,,,,,,,,
Baroque,,,,,,,,,,,,,,90,,,,,,,,,,,,,,,,,,,,,,,,,,,,,,
Barreto de Semente,,,,,,,,,,,,,,,,,,,,,,,,,,,,,3,,,,,,,,,,,,,,,
Barsaglina,,,,,,,,,,,,,,,,,,,17,,,,,,,,,,,,,,,,,,,,,,,,,
Bastardo Branco,,,,,,,,,,,,,,,,,,,,,,,,,,,,,15,,,,,,,,,,,,,,,
Bastardo Magarachsky,,,,,,,,,,,,,,,,,,,,,,,,1040,,,,,,,,,,,,,,,,,1330,,,
Batily,,,,,,,,,,,,,,,,,54,,,,,,,,,,,,,,,,,,,,,,,,,,,
Batoca,,,,,,,,,,,,,,,,,,,,,,,,,,,,,11,,,,,,,,,,,,,,,
Bayanshira,,,,,,,,,,,,,,,,,,,,,645,,,,,,,,,,,,,,,,,,,,,,,
Beba,,,,,,,,,,,,,,,,,,,,,,,,,,,,,0,,,,,,,3036,,,,,,,,
Bellone,,,,,,,,,,,,,,,,,,,511,,,,,,,,,,,,,,,,,,,,,,,,,
Bequignol Noir,,698,,,,,,,,,,,,,,,,,,,,,,,,,,,,,,,,,,,,,,,,,,
Bianca,,,,,,,,,,,,,,,,,,2922,,,,,,15,,,,,,,3513,,,,,,,,,,,,,
Biancame,,,,,,,,,,,,,,,,,,,2599,,,,,,,,,,,,,,,,,,,,,,,,,
Bianchetta Trevigiana,,,,,,,,,,,,,,,,,,,13,,,,,,,,,,,,,,,,,,,,,,,,,
Bianco d'Alessano,,,,,,,,,,,,,,,,,,,419,,,,,,,,,,,,,,,,,,,,,,,,,
Biancolella,,,,,,,,,,,,,,,,,,,164,,,,,,,,,,,,,,,,,,,,,,,,,
Biancone di Portoferraio,,,,,,,,,,,,,,,,,,,78,,,,,,,,,,,,,,,,,,,,,,,,,
Biborkadarka,,,,,,,,,,,,,,,,,,136,,,,,,,,,,,,,,,,,,,,,,,,,,
Bical,,,,,,,,,,,,,,,,,,,,,,,,,,,,,924,,,,,,,,,,,,,,,
Black Queen,,,,,,,,,,,,,,,,,,,,469,,,,,,,,,,,,,,,,,,17,,,,,,
Blanc du Bois,,,,,,,,,,,,,,,,,,,,,,,,,,,,,,,,,,,,,,,,,,,28,
Blanca Ovoide,,,,,,,,,40,,,,,,,,,,,,,,,,,,,,,,,,,,,,,,,,,,,
Blattner Reds,,,,,,,,39,,,,,,,,,,,,,,,,,,,,,,,,,,,,,,,,,,,,
Blattner Whites,,,,,,,,25,,,,,,,,,,,,,,,,,,,,,,,,,,,,,,,,,,,,
Blauburger,,,,,897,,,,,,,,,,,0,,435,,,,,,,,,5,,,,,,,,,,,,,,,,,
Blauer Portugieser,,,,,1621,,,,2,,42,,622,,,,,1216,167,,,,,,,,,,36,,,,92,,,,,,,,,,,
Blauer Wildbacher,,,,,365,,,,,,,,,,,,,,3,,,,,,,,,,,,,,,,,,,,,,,,,
Blaufrankisch,,,,,3228,,,4,,,558,,1160,,,,,7998,59,,,,,,,,,290,,760,,,1378,680,,,3,,,,,,22,
Boal Barreiro,,,,,,,,,,,,,,,,,,,,,,,,,,,,,1,,,,,,,,,,,,,,,
Boal Vencedor,,,,,,,,,,,,,,,,,,,,,,,,,,,,,2,,,,,,,,,,,,,,,
Bobal,,,,,,,,,,,,,,,,,,,,,,,,,,,,,,,,,,,,80120,,,,,,,,
Bogazkere,,,,,,,,,,,,,,,,,,,,,,,,,,,,,,,,,,,,,,,,1106,,,,
Bogdanusa,,,,,,,,,,,48,,,,,,,,,,,,,,,,,,,,,,,,,,,,,,,,,
Bombino Bianco,,10,,,,,,,,,,,,,,,,,1229,,,,,,,,,,,,,,,,,,,,,,,,,
Bombino Nero,,,,,,,,,,,,,,,,,,,1201,,,,,,,,,,,,,,,,,,,,,,,,,
Bonamico,,167,,,,,,,,,,,,,,,,,26,,,,,,,,,,,,,,,,,,,,,,,,,
Bonda,,,,,,,,,,,,,,,,,,,7,,,,,,,,,,,,,,,,,,,,,,,,,
Bondola,,,,,,,,,,,,,,,,,,,,,,,,,,,,,,,,,,,,,13,,,,,,,
Bordo,,,,,,8287,,,,,,,,,,,,,,,,,,,,,,,,,,,,,,,,,,,,,,
Borracal,,,,,,,,,,,,,,,,,,,,,,,,,,,,,160,,,,,,,523,,,,,,,,
Bosco,,,,,,,,,,,,,,,,,,,82,,,,,,,,,,,,,,,,,,,,,,,,,
Bourboulenc,,1,,,,,,,,,,,,596,,,,,,,,,,,,,,,,,,,,,,0,,,,,,,,
Bouvier,,,,,234,,,,,,,,,,,,,10,,,,,,,,,,,,,,,6,,,,,,,,,,,
Bracciola Nera,,,,,,,,,,,,,,,,,,,26,,,,,,,,,,,,,,,,,,,,,,,,,
Brachetto del Piemonte,,,,,,,,,,,,,,,,,,,1460,,,,,,,,,,,,,,,,,,,,,,,,,
Branco Especial,,,,,,,,,,,,,,,,,,,,,,,,,,,,,3,,,,,,,,,,,,,,,
Branco Sr. Joao,,,,,,,,,,,,,,,,,,,,,,,,,,,,,0,,,,,,,,,,,,,,,
Branco Valente,,,,,,,,,,,,,,,,,,,,,,,,,,,,,0,,,,,,,,,,,,,,,
Brandam,,,,,,,,,,,,,,,,,,,,,,,,,,,,,312,,,,,,,,,,,,,,,
Breidecker,,,,,,,,,,,,,,,,,,,,,,,,,,,7,,,,,,,,,,,,,,,,,
Brianna,,,,,,,,,,,,,,,,,,,,,,,,,,,,,,,,,,,,,,,,,,,12,
Bric,,,,,,,,,,,,,,,,,,,2,,,,,,,,,,,,,,,,,,,,,,,,,
Bronner,,,,,,,,,,,,,,,,,,,6,,,,,,,,,,,,,,,,,,,,,,,,,
Budai Zold,,,,,,,,,,,,,,,,,,6,,,,,,,,,,,,,,,,,,,,,,,,,,
Bukettraube,,,,,,,,,,,,,,,,,,,,,,,,,,,,,,,,,,,71,,,,,,,,,
Bussanello,,,,,,,,,,,,,,,,,,,12,,,,,,,,,,,,,,,,,,,,,,,,,
Busuioaca de Bohotin,,,,,,,,,,,,,,,,,,,,,,,,,,,,,,268,,,,,,,,,,,,,,
Caberinta,,47,,,,,,,,,,,,,,,,,,,,,,,,,,,,,,,,,,,,,,,,,,
Cabernet Cortis,,,,,,,,,,,,,,,,20,,,,,,,,,,,,,,,,,,,,,,,,,,,,
Cabernet Cubin,,,,,,,,,,,,,,,,40,,,,,,,,,,,,,,,,,,,,,,,,,,,,
Cabernet Diane,,,,,,,,,,,,,,,,,,,,,,,,,,,,,,,,,,,,,,,,,,,0,
Cabernet Dore,,,,,,,,,,,,,,,,,,,,,,,,,,,,,,,,,,,,,,,,,,,1,
Cabernet Dorio,,,,,,,,,,,,,,,,20,,,,,,,,,,,,,,,,,,,,,,,,,,,,
Cabernet Dorsa,,,,,,,,,,,,,,,,200,,1,,,,,,,,,,,,,,,,,,,22,,,,,,,
Cabernet Franc,,626,,591,56,229,,664,1321,507,95,203,,36948,,0,23,1352,6314,,56,,,,,,163,,24,,20,,,,934,849,54,,,23,,1,2215,334
Cabernet Jura,,,,,,,,,,,,,,,,,,,,,,,,,,,,,,,,,,,,,19,,,,,,,
Cabernet Mitos,,,,,,,,,,,,,,,,280,,2,,,,,,,,,,,,,,,,,,,,,,,,,,
Cabernet Moravia,,,,,,,,,,,,,212,,,,,,,,,,,,,,,,,,,,,,,,,,,,,,,
Cabernet Sauvignon,1510,16372,,25967,592,914,8436,542,40728,22612,646,369,230,56386,286,260,1550,2863,13724,469,20,,756,7590,,1,517,48,1671,3718,3593,,570,453,12325,23237,63,7,337,391,4869,1,34788,682
Cabinda,,,,,,,,,,,,,,,,,,,,,,,,,,,,,362,,,,,,,,,,,,,,,
Cabral,,,,,,,,,,,,,,,,,,,,,,,,,,,,,2,,,,,,,,,,,,,,,
Caddiu,,,,,,,,,,,,,,,,,,,309,,,,,,,,,,,,,,,,,,,,,,,,,
Cainho de Moreira,,,,,,,,,,,,,,,,,,,,,,,,,,,,,7,,,,,,,,,,,,,,,
Caino Blanco,,,,,,,,,,,,,,,,,,,,,,,,,,,,,,,,,,,,121,,,,,,,,
Caladoc,,14,,,,,,,,,,,,2464,,,,,,,,,,,,,,,1197,,,,,,,,,,,,,,,
Calagrano,,,,,,,,,,,,,,,,,,,,,,,,,,,,,,,,,,,,4794,,,,,,,,
California,,252,,,,,,,,,,,,,,,,,,,,,,,,,,,,,,,,,,,,,,,,,,
Calkarasi,,,,,,,,,,,,,,,,,,,,,,,,,,,,,,,,,,,,,,,,625,,,,
Callet,,,,,,,,,,,,,,,,,,,,,,,,,,,,,,,,,,,,154,,,,,,,,
Caloria,,,,,,,,,,,,,,,,,,,108,,,,,,,,,,,,,,,,,,,,,,,,,
Calrao,,,,,,,,,,,,,,,,,,,,,,,,,,,,,1,,,,,,,,,,,,,,,
Camaralet de Lasseube,,,,,,,,,,,,,,,,,,,,,,,,,,,,,515,,,,,,,,,,,,,,,
Campanario,,,,,,,,,,,,,,,,,,,,,,,,,,,,,2,,,,,,,,,,,,,,,
Campbell Early,,,,,,,,,,,,,,,,,,,,61,,,,,,,,,,,,,,,,,,,,,,,,
Canadice,,,,,,,,,,,,,,,,,,,,,,,,,,,,,,,,,,,,,,,,,,,0,
Canaiolo Nero,,,,,,,,,,,,,,,,,,,1068,,,,,,,,,,,,,,,,,,,,,,,,,
Canaiolo Rosa,,,,,,,,,,,,,,,,,,,1,,,,,,,,,,,,,,,,,,,,,,,,,
Canari Noir,,139,,,,,,,,,,,,,,,,,,,,,,,,,,,,,,,,,,,,,,,,,,13
Canela,,2,,,,,,,,,,,,,,,,,,,,,,,,,,,,,,,,,,,,,,,,,,
Canelon,,8,,,,,,,,,,,,,,,,,,,,,,,,,,,,,,,,,,,,,,,,,,
Capolongo,,,,,,,,,,,,,,,,,,,5,,,,,,,,,,,,,,,,,,,,,,,,,
Caracol,,,,,,,,,,,,,,,,,,,,,,,,,,,,,33,,,,,,,,,,,,,,,
Caramela,,,,,,,,,,,,,,,,,,,,,,,,,,,,,0,,,,,,,,,,,,,,,
Cardinal,,,,,,,,,,,91,,,217,,,,,,,,,168,,,,,53,,,,,,,,16,,,,,,,,
Carica l'Asino,,,,,,,,,,,,,,,,,,,17,,,,,,,,,,,,,,,,,,,,,,,,,
Carignan Blanc,,,,,,,,,,,,,,411,,,,,,,,,,,,,,,,,,,,,,2650,,,,,,,,
Carmenere,,56,,,,7,,2,8827,1353,19,,,,,,,0,1074,,,,,,,,,,,,,,,,,,,,,,,,22,
Carminoir,,,,,,,,,,,,,,,,,,,,,,,,,,,,,,,,,,,,,10,,,,,,,
Carnelian,,,,,,,,,,,,,,,,,,,,,,,,,,,,,,,,,,,,,,,,,,,316,
Carrega Branco,,,,,,,,,,,,,,,,,,,,,,,,,,,,,507,,,,,,,,,,,,,,,
Carrega Tinto,,,,,,,,,,,,,,,,,,,,,,,,,,,,,17,,,,,,,,,,,,,,,
Carricante,,,,,,,,,,,,,,,,,,,205,,,,,,,,,,,,,,,,,,,,,,,,,
Casavecchia,,,,,,,,,,,,,,,,,,,136,,,,,,,,,,,,,,,,,,,,,,,,,
Casculho,,,,,,,,,,,,,,,,,,,,,,,,,,,,,267,,,,,,,,,,,,,,,
Casetta,,,,,,,,,,,,,,,,,,,12,,,,,,,,,,,,,,,,,,,,,,,,,
Castalia,,,,,,,,,,,,,,,,,,,,,,,,,,,,,0,,,,,,,,,,,,,,,
Castel,,,,,,,,2,,,,,,,,,,,,,,,,,,,,,,,,,,,,,,,,,,,,
Castela,,,,,,,,,,,,,,,,,,,,,,,,,,,,,8,,,,,,,,,,,,,,,
Castelao,,,,,,2,,,,,,,,,,,,,,,,,,,,,,,11086,,,,,,,,,,,,,,,
Castelao Branco,,,,,,,,,,,,,,,,,,,,,,,,,,,,,37,,,,,,,,,,,,,,,
Castelino,,,,,,,,,,,,,,,,,,,,,,,,,,,,,147,,,,,,,,,,,,,,,
Castelo Branco,,,,,,,,,,,,,,,,,,,,,,,,,,,,,5,,,,,,,,,,,,,,,
Castiglione,,,,,,,,,,,,,,,,,,,18,,,,,,,,,,,,,,,,,,,,,,,,,
Catalanesca,,,,,,,,,,,,,,,,,,,54,,,,,,,,,,,,,,,,,,,,,,,,,
Catanese Nero,,,,,,,,,,,,,,,,,,,15,,,,,,,,,,,,,,,,,,,,,,,,,
Catarratto Bianco,,,,,,,,,,,,,,,,,,,34794,,,,,,,,,,,,,,,,,,,,,,,,68,
Catawba,,,,,,,,,,,,,,,,,,,,,,,,,,,,,,,,,,,,,,,,,,,633,
Cavrara,,,,,,,,,,,,,,,,,,,23,,,,,,,,,,,,,,,,,,,,,,,,,
Cavus,,,,,,,,,,,,,,,,,,,,,,,,,,,,,,,,,,,,,,,,3,,,,
Cayetana Blanca,,,,,,,,,,,,,,,,,,,,,,,,,,,,,148,,,,,,,39593,,,,,,,,
Cayuga White,,,,,,,,,,,,,,,,,,,,,,,,,,,,,,,,,,,,,,,,,,,212,
Cellerina,,,,,,,,,,,,,,,,,,,2,,,,,,,,,,,,,,,,,,,,,,,,,
Centesimino,,,,,,,,,,,,,,,,,,,24,,,,,,,,,,,,,,,,,,,,,,,,,
Centurian,,,,,,,,,,,,,,,,,,,,,,,,,,,,,,,,,,,,,,,,,,,34,
Cerceal Branco,,,,,,,,,,,,,,,,,,,,,,,,,,,,,379,,,,,,,,,,,,,,,
Cereza,,29189,,,,,,,,,,,,,,,,,,,,,,,,,,,,,,,,,,,,,,,,,,
Cesanese,,,,,,,,,,,,,,,,,,,679,,,,,,,,,,,,,,,,,,,,,,,,,
Cetinka,,,,,,,,,,,35,,,,,,,,,,,,,,,,,,,,,,,,,,,,,,,,,
Chambourcin,,,,,,,,54,,,,,,758,,,,,,,,,,,,,4,,,,,,,,,,3,,,,,,311,
Chancellor,,,,,,,,3,,,,,,,,,,,,,,,,,,,,,,,,,,,,,,,,,,,47,
Chardonel,,,,,,,,,,,,,,,,,,,,,,,,,,,,,,,,,,,,,,,,,,,144,
Chardonnay,,6473,,27773,1380,377,2457,1178,13082,738,668,128,766,44593,,1180,586,2757,19709,602,,16,,5134,,1,3911,1,803,1067,1981,,310,1208,8278,6958,321,,,142,2985,235,40846,149
Charmont,,,,,,,,,,,,,,,,,,,,,,,,,,,,,,,,,,,,,10,,,,,,,
Chasan,,,,,,,,,,,,,,801,,,,,,,,,,,,,,,,,,,,,,,,,,,,,,
Chasselas,,,,,,3,,5,88,,21,,,2441,,1120,,1892,34,,,,,,,,2,,76,,21,3450,,,,20,4013,,,,,,,
Chasselas Rouge,,,,,,,,,,,,,,,,,,,,,,,,,,,,,7,,,,,,,,,,,,,,,
Chasselas Sabor,,,,,,,,,,,,,,,,,,,,,,,,,,,,,0,,,,,,,,,,,,,,,
Chatus,,,,,,,,,,,,,,,,,,,13,,,,,,,,,,,,,,,,,,,,,,,,,
Chelois,,,,,,,,,,,,,,,,,,,,,,,,,,,,,,,,,,,,,,,,,,,1,
Chelva,,,,,,,,,,,,,,,,,,,,,,,,,,,,,,,,,,,,6168,,,,,,,,
Chenanson,,,,,,,,,,,,,,506,,,,,,,,,,,,,,,,,,,,,,,,,,,,,,
Chenel,,,,,,,,,,,,,,,,,,,,,,,,,,,,,,,,,,,79,,,,,,,,,
Chenin Blanc,,2462,,541,,18,,7,57,10,,,,9828,,,,6,45,,,,275,,,1,50,2,0,,,,,,18515,100,6,13,,,,,3221,7
Chinuri,,,,,,,,,,,,,,,1225,,,,,,,,,,,,,,,,,,,,,,,,,,,,,
Chkhaveri,,,,,,,,,,,,,,,26,,,,,,,,,,,,,,,,,,,,,,,,,,,,,
Cianorie,,,,,,,,,,,,,,,,,,,2,,,,,,,,,,,,,,,,,,,,,,,,,
Cidreiro,,,,,,,,,,,,,,,,,,,,,,,,,,,,,0,,,,,,,,,,,,,,,
Ciliegiolo,,,,,,,,,,,,,,,,,,,1830,,,,,,,,,,,,,,,,,,,,,,,,,
Cinsaut,7550,1,,,,,,,198,3,,,,20800,,,43,,51,,,,,,3940,,,,16,,,,,,2052,,,,842,500,,,45,
Cinsaut Blanc,,,,,,,,,,,,,,,,,,,,,,,,,,,,,,,,,,,7,,,,,,,,,
Cinsaut Seedless,,,,,,,,,,,,,,,,,,,,,,,,,,,,,,,,,,,,13,,,,,,,,
Citronny Magarach,,,,,,,,,,,,,,,,,,,,,,,,,,,,,,,307,,,,,,,,,,,,,
Cividin,,,,,,,,,,,,,,,,,,,4,,,,,,,,,,,,,,,,,,,,,,,,,
Clairette,,,,,,0,,,,,,,,2405,,,,,183,,,,,,,,,,,,22,,,,290,,,,,,,,,
Clairette Rose,,,,,,,,,,,,,,260,,,,,,,,,,,,,,,,,,,,,,,,,,,,,,
Cococciola,,,,,,,,,,,,,,,,,,,983,,,,,,,,,,,,,,,,,,,,,,,,,
Coda di Volpe Bianca,,,,,,,,,,,,,,,,,,,586,,,,,,,,,,,,,,,,,,,,,,,,,
Codega de Larinho,,,,,,,,,,,,,,,,,,,,,,,,,,,,,629,,,,,,,,,,,,,,,
Codrinski,,,,,,,,,,,,,,,,,,,,,,,,5,,,,,,,,,,,,,,,,,,,,
Colgadero,,,,,,,,,,,,,,,,,,,,,,,,,,,,,,,,,,,,5,,,,,,,,
Colobel,,,,,,,,,,,,,,,,,,,,,,,,,,,,,,,,,,,,,,,,,,,0,
Colombana Nera,,,,,,,,,,,,,,,,,,,38,,,,,,,,,,,,,,,,,,,,,,,,,
Colombard,,,,2205,,46,,,,,,,,7790,,,,,,,,,,,,,,,,,,,,,11990,4,,11,,,,,10025,4
Colomino,,,,,,,,,,,,,,,,,,,,,,,,,,,,,,,,,,,5,,,,,,,,,
Coloraillo,,,,,,,,,,,,,,,,,,,,,,,,,,,,,,,,,,,,374,,,,,,,,
Completer,,,,,,,,,,,,,,,,,,,,,,,,,,,,,,,,,,,,,3,,,,,,,
Complexa,,,,,,,,,,,,,,,,,,,,,,,,,,,,,103,,,,,,,,,,,,,,,
Concieira,,,,,,,,,,,,,,,,,,,,,,,,,,,,,52,,,,,,,,,,,,,,,
Concord,,,,,,3543,,252,,,,,,,,,,,,,,,,,,,,,,,,,,,,,,,,,,,8421,22
Coracao De Galo,,,,,,,,,,,,,,,,,,,,,,,,,,,,,1,,,,,,,,,,,,,,,
Corbina Vicentina,,,,,,,,,,,,,,,,,,,12,,,,,,,,,,,,,,,,,,,,,,,,,
Cordenossa,,,,,,,,,,,,,,,,,,,5,,,,,,,,,,,,,,,,,,,,,,,,,
Cornalin,,,,,,,,,,,,,,,,,,,11,,,,,,,,,,,,,,,,,,244,,,,,,,
Cornarea,,,,,,,,,,,,,,,,,,,13,,,,,,,,,,,,,,,,,,,,,,,,,
Cornifesto,,,,,,,,,,,,,,,,,,,,,,,,,,,,,499,,,,,,,,,,,,,,,
Corot Noir,,,,,,,,,,,,,,,,,,,,,,,,,,,,,,,,,,,,,,,,,,,27,
Corropio,,,,,,,,,,,,,,,,,,,,,,,,,,,,,1,,,,,,,,,,,,,,,
Cortese,,,,,,,,,,,,,,,,,,,2953,,,,,,,,,,,,,,,,,,,,,,,,,
Corvina Veronese,,19,,,,0,,,,,,,,,,,,,7477,,,,,,,,,,,,,,,,,,,,,,,,,
Corvinone,,1,,,,,,,,,,,,,,,,,929,,,,,,,,,,,,,,,,,,,,,,,,,
Corvo,,,,,,,,,,,,,,,,,,,,,,,,,,,,,0,,,,,,,,,,,,,,,
Cot,,31047,,356,,37,,39,1264,,,,,6155,,,,0,260,,,,,39,,,156,10,,,,,,,450,93,10,,,13,,,717,41
Couderc,,,,,,834,,,,,,,,,,,,,,,,,,,,,,,,,,,,,,,,,,,,,,
Couderc Noir,,,,,,2477,,,,,,,,214,,,,,,,,,,,,,,,,,,,,,,,,,,,,,,
Counoise,,,,,,,,,,,,,,443,,,,,,,,,,,,,,,,,,,,,,,,,,,,,,
Cove,,,,,,,,,,,,,,,,,,,6,,,,,,,,,,,,,,,,,,,,,,,,,
Cramposie Selectionata,,,,,,,,,,,,,,,,,,,,,,,,,,,,,,409,,,,,,,,,,,,,,
Crimson Cabernet,,,,,,,,,,,,,,,,,,,,,,,,,,,,,,,,,,,,,,,,,,,1,
Crimson Seedless,,,,,,,,,,,,,,,,,,,,,,,,,,,,2,,,,,,,,,,,,,,,,
Criolla Grande,,17080,,,,,,,,,,,,,,,,,,,,,,,,,,,,,,,,,,,,,,,,,,
Criolla Mediana,,9,,,,,,,,,,,,,,,,,,,,,,,,,,,,,,,,,,,,,,,,,,
Croatina,,16,,,,,,,,,,,,,,,,,5684,,,,,,,,,,,,,,,,,,,,,,,,,
Crouchen,,,,95,,,,,,,,,,,,,,,,,,,,,,,,,,,,,,,629,,,,,,,,,
Crovassa,,,,,,,,,,,,,,,,,,,0,,,,,,,,,,,,,,,,,,,,,,,,,
Crystal,,,,,,,,,2,,,,,,,,,,,,,,,,,,,2,,,171,,,,,,,,,,,,,
Cs.2,,,,,,,,,,,,,,,,,,0,,,,,,,,,,,,,,,,,,,,,,,,,,
Csaba Gyongye,,,,,,,,,,,,,,,,,,89,,,,,,,,,,,,,,,,,,,,,,,,,,
Cserszegi Fuszeres,,,,,,,,,,,,,,,,,,3609,,,,,,,,,,,,,,,,,,,,,,,,,,
Csillam,,,,,,,,,,,,,,,,,,20,,,,,,,,,,,,,,,,,,,,,,,,,,
Csokaszolo,,,,,,,,,,,,,,,,,,2,,,,,,,,,,,,,,,,,,,,,,,,,,
Csomorika,,,,,,,,,,,,,,,,,,0,,,,,,,,,,,,,,,,,,,,,,,,,,
Dakapo,,,,,,,,,,,,,,,,40,,,,,,,,,,,,,,,,,,,,,13,,,,,,,
Damaschino,,586,,,,,,,,,,,,,,,,,221,,,,,,,,,,1037,,,,,,,239,,,,,,,,
Danlas,,,,,,,,,,,,,,254,,,,,,,,,,,,,,,,,,,,,,,,,,,,,,
De Chaunac,,,,,,,,39,,,,,,,,,,,,,,,,,,,,,,,,,,,,,,,,,,,52,
Debina,,,,,,,,,,,,,,,,,239,,,,,,,,,,,,,,,,,,,,,,,,,,,
Debit,,,,,,,,,,,403,,,,,,,,,,,,,,,,,,,,,,,,,,,,,,,,,
Deckrot,,,,,,,,,,,,,,,,10,,,,,,,,,,,,,,,,,,,,,,,,,,,,
Dekabrskii ,,,,,,,,,,,,,,,,,,,,,,,,,,,,,,,78,,,,,,,,,,,,,
Delaware,,,,,,,,,,,,,,,,,,,,51,,,,,,,,,,,,,,,,,,,,,,,75,
Deliciosa,,,,,,,,,,,,,,,,,,,,,,,,,,,,,0,,,,,,,,,,,,,,,
Devin,,,,,,,,,,,,,,,,,,,,,,,,,,,,,,,,,133,,,,,,,,,,,
Diagalves,,,,,,,,,,,,,,,,,,,,,,,,,,,,,1156,,,,,,,,,,,,,,,
Dimrit,,,,,,,,,,,,,,,,,,,,,,,,,,,,,,,,,,,,,,,,863,,,,
Dimyat,,,,,,,2386,,,,6,,,,,,9,,,,,,,,,,,,,,,,,,,,,,,,,,,
Dindarella,,,,,,,,,,,,,,,,,,,7,,,,,,,,,,,,,,,,,,,,,,,,,
Diolinoir,,,,,,,,,,,,,,,,,,,2,,,,,,,,,,,,,,,,,,112,,,,,,,
Diseca Ranina,,,,,,,,,,,2,,,,,,,,,,,,,,,,,,,,,,,,,,,,,,,,,
Docal,,,,,,,,,,,,,,,,,,,,,,,,,,,,,0,,,,,,,,,,,,,,,
Doina,,,,,,,,,,,,,,,,,,,,,,,,,,,,,,,227,,,,,,,,,,,,,
Dolcetto,,6,,154,,,,,,,,,,,,,,,6128,,,,,,,,2,,,,,,,,,,,,,,,,42,
Dolciame,,,,,,,,,,,,,,,,,,,11,,,,,,,,,,,,,,,,,,,,,,,,,
Domina,,,,,,,,,,,,,,,,360,,1,,,,,,,,,,,,,,,,,,,,,,,,,,
Dominga,,,,,,,,,,,,,,,,,,,,,,,,,,,,,,,,,,,,1,,,,,,,,
Dona Branca,,,,,,,,,,,,,,,,,,,,,,,,,,,,,276,,,,,,,,,,,,,,,
Dona Joaquina,,,,,,,,,,,,,,,,,,,,,,,,,,,,,24,,,,,,,,,,,,,,,
Donzelinho Branco,,,,,,,,,,,,,,,,,,,,,,,,,,,,,65,,,,,,,,,,,,,,,
Donzelinho Roxo,,,,,,,,,,,,,,,,,,,,,,,,,,,,,0,,,,,,,,,,,,,,,
Donzelinho Tinto,,,,,,,,,,,,,,,,,,,,,,,,,,,,,33,,,,,,,,,,,,,,,
Doradilla,,,,,,,,,,,,,,,,,,,,,,,,,,,,,,,,,,,,40,,,,,,,,
Doral,,,,,,,,,,,,,,,,,,,,,,,,,,,,,,,,,,,,,27,,,,,,,
Dorinto,,,,,,,,,,,,,,,,,,,,,,,,,,,,,115,,,,,,,,,,,,,,,
Dornfelder,,,,,,,,1,,,,,119,,,7920,,23,,,,,,,,,,,,,,,,,,,21,2,,,,14,1,
Dostoinyi,,,,,,,,,,,,,,,,,,,,,,,,,,,,,,,65,,,,,,,,,,,,,
Douce Noire,,18127,,,,0,,,,,,,,,,,,,815,,,,,,,,,,,,,,,,,,,,,,,,34,
Doukkali,,,,,,,,,,,,,,,,,,,,,,,,,16557,,,,,,,,,,,,,,,,,,,
Doux d'Henry,,,,,,,,,,,,,,,,,,,9,,,,,,,,,,,,,,,,,,,,,,,,,
Droujba,,,,,,,,,,,,,,,,,,,,,,,,3,,,,,,,,,,,,,,,,,,,,
Drupeggio,,,,,,,,,,,,,,,,,,,286,,,,,,,,,,,,,,,,,,,,,,,,,
Duna Gyongye,,,,,,,,,,,,,,,,,,63,,,,,,,,,,,,,,,,,,,,,,,,,,
Dunaj,,,,,,,,,,,,,,,,,,,,,,,,,,,,,,,,,46,,,,,,,,,,,
Dunavski Lazur,,,,,,,,,,,,,,,,,,,,,,,,,,,,,,,483,,,,,,,,,,,,,
Dunkelfelder,,,,,,,,2,,,,,,,,300,,,,,,,,,,,,,,,,,,,,,24,,,,,2,,
Duras,,,,,,,,,,,,,,923,,,,,,,,,,,,,,,,,,,,,,,,,,,,,,
Durasa,,,,,,,,,,,,,,,,,,,6,,,,,,,,,,,,,,,,,,,,,,,,,
Durella,,,,,,,,,,,,,,,,,,,470,,,,,,,,,,,,,,,,,,,,,,,,,
Durif,,,,417,,7,,,104,,,,,,,,,,,,,,133,,,,,,,,,,,,31,,,,,,,,2865,
Edelweiss,,,,,,,,,,,,,,,,,,,,,,,,,,,,,,,,,,,,,,,,,,,32,
Egiodola,,,,,,99,,,,,,,,271,,,,,,,,,,,,,,,,,,,,,,,,,,,,,,3
Ehrenfelser,,,,,,,,29,,,,,,,,50,,,,,,,,,,,,,,,,,,,,,,,,,,,,
Ekigaina,,1,,,,0,,,,,,,,,,,,,,,,,,,,,,,,,,,,,,,,,,,,,,
Ekim Kara,,,,,,,,,,,,,,,,,,,,,,,,,,,,,,,,,,,,,,,,,27,,,
Elbling,,,,,,,,,,,,,,,,550,,,,,,370,,,,,,,,,,,,,,,,,,,,,498,
Elvira,,,,,,,,8,,,,,,,,,,,,,,,,,,,,,,,,,,,,,,,,,,,255,
Emerald Riesling,,,,,,,,,,,,,,,,,,,,,,,,,,,,,,,,,,,104,,,,,,,,60,
Emir,,,,,,,,,,,,,,,,,,,,,,,,,,,,,,,,,,,,,,,,688,,,,
Enantio,,,,,,,,,,,,,,,,,,,724,,,,,,,,,,,,,,,,,,,,,,,,,
Encruzado,,,,,,,,,,,,,,,,,,,,,,,,,,,,,282,,,,,,,,,,,,,,,
Ensanyo Tintas,,,,,,,,,,,,,,,,,,,,,,,,,,,,,,,,,,,,27,,,,,,,,
Ensayo Blancas,,,,,,,,,,,,,,,,,,,,,,,,,,,,,,,,,,,,1,,,,,,,,
Erbaluce,,,,,,,,,,,,,,,,,,,319,,,,,,,,,,,,,,,,,,,,,,,,,
Erbamat,,,,,,,,,,,,,,,,,,,24,,,,,,,,,,,,,,,,,,,,,,,,,
Erbanno,,,,,,,,,,,,,,,,,,,0,,,,,,,,,,,,,,,,,,,,,,,,,
Ervi,,,,,,,,,,,,,,,,,,,4,,,,,,,,,,,,,,,,,,,,,,,,,
Esganacao Preto,,,,,,,,,,,,,,,,,,,,,,,,,,,,,0,,,,,,,,,,,,,,,
Esganinho,,,,,,,,,,,,,,,,,,,,,,,,,,,,,0,,,,,,,,,,,,,,,
Espadeiro,,,,,,,,,,,,,,,,,,,,,,,,,,,,,237,,,,,,,232,,,,,,,,
Espadeiro Mole,,,,,,,,,,,,,,,,,,,,,,,,,,,,,0,,,,,,,,,,,,,,,
Estreito Macio,,,,,,,,,,,,,,,,,,,,,,,,,,,,,3,,,,,,,,,,,,,,,
Ezerfurtu,,,,,,,,,,,,,,,,,,377,,,,,,,,,,,,,,,,,,,,,,,,,,
Ezerjo,,,,,,,,,,,,,,,,,,1074,,,,,,,,,,,,,,,,,,,,,,,,,,
Faberrebe,,,,,,,,,,,,,,,,520,,,,,,,,,,,,,,,,,,,,,,,,,,4,,
Falanghina,,,,,,,,,,,,,,,,,,,3037,,,,,,,,,,,,,,,,,,,,,,,,,
Famoso,,,,,,,,,,,,,,,,,,,6,,,,,,,,,,,,,,,,,,,,,,,,,
Farinheira,,,,,,,,,,,,,,,,,,,,,,,,,,,,,3,,,,,,,,,,,,,,,
Fenile,,,,,,,,,,,,,,,,,,,5,,,,,,,,,,,,,,,,,,,,,,,,,
Fepiro,,,,,,,,,,,,,,,,,,,,,,,,,,,,,0,,,,,,,,,,,,,,,
Fer,,207,,,,,,,,,,,,1610,,,,,,,,,,,,,,,,,,,,,,,,,,,,,,
Fernao Pires,,,,,,,,,,,,,,,,,,,,,,,,,,,,,9376,,,,,,135,,,,,,,,,
Fernao Pires Rosado,,,,,,,,,,,,,,,,,,,,,,,,,,,,,98,,,,,,,,,,,,,,,
Fertilia,,,,,,,,,,,,,,,,,,,3,,,,,,,,,,,,,,,,,,,,,,,,,
Feteasca Alba,,,,,,,,,,,,,,,,,,,,,,,,4334,,,,,,12916,,,219,,,,,,,,,,,
Feteasca Neagra,,,,,,,,,,,,,,,,,,,,,,,,,,,,,,1719,,,,,,,,,,,,,,
Feteasca Regala,,,,,,,,,,,,,,,,,,,,,,,,,,,,,,12905,,,231,,,,,,,,,,,
Fiano,,,,,,,,,,,,,,,,,,,1377,,,,,,,,,,,,,,,,,,,,,,,,,
Fiesta,,,,,,,,,,,,,,,,,,,,,,,230,,,,,,,,,,,,,,,,,,,,,
Fileri,,,,,,,,,,,,,,,,,97,,,,,,,,,,,,,,,,,,,,,,,,,,,
Fino De Ribera Del Fresno,,,,,,,,,,,,,,,,,,,,,,,,,,,,,,,,,,,,45,,,,,,,,
Fintendo,,183,,,,,,,,,,,,,,,,,,,,,,,,,,,,,,,,,,,,,,,,,,
Fioletovy  Ranny,,,,,,,,,,,,,,,,,,,,,,,,,,,,,,,50,,,,,,,,,,,,,
Flame Seedless,,,,,,,,,,,,,,,,,,,,,,,,,,,,42,,,,,,,,,,,,,,,,
Flavis,,,,,,,,,,,,,,,,,,,3,,,,,,,,,,,,,,,,,,,,,,,,,
Flora,,,,,,6,,,,,,,,,,,,,,,,,,,,,2,,,,,,,,,,,,,,,,,
Fogarina,,,,,,,,,,,,,,,,,,,5,,,,,,,,,,,,,,,,,,,,,,,,,
Foglia Tonda,,,,,,,,,,,,,,,,,,,101,,,,,,,,,,,,,,,,,,,,,,,,,
Fogoneu,,,,,,,,,,,,,,,,,,,,,,,,,,,,,,,,,,,,35,,,,,,,,
Fokiano,,,,,,,,,,,,,,,,,262,,,,,,,,,,,,,,,,,,,,,,,,,,,
Folgasao,,,,,,,,,,,,,,,,,,,,,,,,,,,,,182,,,,,,,,,,,,,,,
Folgasao Roxo,,,,,,,,,,,,,,,,,,,,,,,,,,,,,18,,,,,,,,,,,,,,,
Folha de Figueira,,,,,,,,,,,,,,,,,,,,,,,,,,,,,3,,,,,,,,,,,,,,,
Folle Blanche,,,,,,,,,,,,,,1770,,,,,,,,,,,,,,,,,,,,,,75,,,,,,,,
Fonte Cal,,,,,,,,,,,,,,,,,,,,,,,,,,,,,111,,,,,,,,,,,,,,,
Forastera,,,,,,,,,,,,,,,,,,,56,,,,,,,,,,,,,,,,,152,,,,,,,,
Forcallat Tinta,,,,,,,,,,,,,,,,,,,,,,,,,,,,,,,,,,,,1163,,,,,,,,
Forgiarin,,,,,,,,,,,,,,,,,,,4,,,,,,,,,,,,,,,,,,,,,,,,,
Forsellina,,,,,,,,,,,,,,,,,,,7,,,,,,,,,,,,,,,,,,,,,,,,,
Fortana,,,,,,,,,,,,,,,,,,,642,,,,,,,,,,,,,,,,,,,,,,,,,
Francavidda,,,,,,,,,,,,,,,,,,,13,,,,,,,,,,,,,,,,,,,,,,,,,
Francusa,,,,,,,,,,,,,,,,,,,,,,,,,,,,,,621,,,,,,,,,,,,,,
Frappato,,,,,,,,,,,,,,,,,,,752,,,,,,,,,,,,,,,,,,,,,,,,,
Fredonia,,,,,,,,,,,,,,,,,,,,,,,,,,,,,,,,,,,,,,,,,,,37,
Freisa,,7,,,,1,,,,,,,,,,,,,1041,,,,,,,,,,,,,,,,,,,,,,,,,
Freisamer,,,,,,,,,,,,,,,,0,,,,,,,,,,,,,,,,,,,,,4,,,,,,,
Frontenac,,,,,,,,,,,,,,,,,,,,,,,,,,,,,,,,,,,,,,,,,,,135,
Frontenac Gris,,,,,,,,,,,,,,,,,,,,,,,,,,,,,,,,,,,,,,,,,,,59,
FruHroter Veltliner,,,,,424,,,,,,,,217,,,0,,10,,,,,,,,,,,,,,,195,,,,,,,,,,,
Fubiano,,,,,,,,,,,,,,,,,,,9,,,,,,,,,,,,,,,,,,,,,,,,,
Fumin,,,,,,,,,,,,,,,,,,,31,,,,,,,,,,,,,,,,,,,,,,,,,
Furmint,,,,,9,13,,,,,172,,,,,,,4165,,,,,,,,,,,,,,,248,651,,,,,,,,,,
Gaglioppo,,,,,,,,,,,,,,,,,,,4214,,,,,,,,,,,,,,,,,,,,,,,,,
Galbena de Odobesti,,,,,,,,,,,,,,,,,,,,,,,,,,,,,,385,,,,,,,,,,,,,,
Galego Dourado,,,,,,,,,,,,,,,,,,,,,,,,,,,,,13,,,,,,3,,,,,,,,,
Galotta,,,,,,,,,,,,,,,,,,,,,,,,,,,,,,,,,,,,,13,,,,,,,
Gamaret,,,,,,,,,,,,,,,,,,,20,,,,,,,,,,,,,,,,,,380,,,,,,,
Gamay de Teinturier Bouze,,,,,,,,,,,,,,215,,,,,,,,,,10,,,,,,,,,,,,,,,,,,,,
Gamay Noir,,1,,,,16,,220,0,,,,,30443,,,,3,122,,,98,,,,,12,,0,,,,,,19,,1521,,,206,,1,,9
Gamay Teinturier de Chaudenay,,,,,,,,,,,,,,24,,,,,,,,,,,,,,,,,,,,,,,,,,,,,,
Gamay Teinturier Freaux,,,,,,,,,,,,,,,,,,,,,,,,55,,,,,,,,,,,,,,,,,,,,
Gamba Rossa,,,,,,,,,,,,,,,,,,,0,,,,,,,,,,,,,,,,,,,,,,,,,
Garandmak,,,931,,,,,,,,,,,,,,,,,,,,,,,,,,,,,,,,,,,,,,,,,
Garanoir,,,,,,,,,,,,,,,,,,,13,,,,,,,,,,,,,,,,,,203,,,,,,,
Garganega,,27,,,,0,,,,,,,,,,,,,15375,,,,,,,,,,,,,,,,,,,,,,,,,
Gargiulo,,47,,,,,,,,,,,,,,,,,,,,,,,,,,,,,,,,,,,,,,,,,,
Garnacha Blanca,,,,,,,,,,,24,,,4976,,,,,,,,,,,,,,,,,,,,,46,2263,,,,,,,61,
Garnacha Peluda,,,,,,,,,,,,,,433,,,,,,,,,,,,,,,,,,,,,,799,,,,,,,,
Garnacha Roja,,,,,,,,,,,,,,1699,,,,,,,,,,,,,,,,,,,,,2,77,,6,,,,,,
Garnacha Tinta,6040,16,,1748,,1,,2,37,11,103,84,,94240,,,,,6372,,,,140,,802,,2,1,84,,,,,,187,70140,,,2020,33,,,2666,5
Garrido Fino,,,,,,,,,,,,,,,,,,,,,,,,,,,,,,,,,,,,59,,,,,,,,
Gateta,,,,,,,,,,,,,,,,,,,,,,,,,,,,,,,,,,,,2,,,,,,,,
Gegic,,,,,,,,,,,11,,,,,,,,,,,,,,,,,,,,,,,,,,,,,,,,,
Geisenheim,,,,,,,,106,,,,,,,,,,,,,,,,,,,,,,,,,,,,,,,,,,,,
Generosa,,,,,,,,,,,,,,,,,,103,,,,,,,,,,,3,,,,,,,,,,,,,,,
Gesztus,,,,,,,,,,,,,,,,,,0,,,,,,,,,,,,,,,,,,,,,,,,,,
Gewurztraminer,,,,834,309,13,747,404,316,5,234,,601,3083,,,,,1408,,,20,,2731,,,311,,0,385,,,265,,122,301,49,,,,961,1,1144,24
Gibi,,917,,,,,,,,,,,,,,,,,,,,,,,,,,,,,,,,,,,,,,,,,,
Ginestra,,,,,,,,,,,,,,,,,,,4,,,,,,,,,,,,,,,,,,,,,,,,,
Giro,,,,,,,,,,,,,,,,,,,200,,,,,,,,,,,,,,,,,,,,,,,,,
Gm 322,,,,,,,,17,,,,,,,,,,,,,,,,,,,,,,,,,,,,,,,,,,,,
Godello,,,,,,1,,,,,,,,,,,,,,,,,,,,,,,490,,,,,,,604,,,,,,,,
Goecseji Zamatos,,,,,,,,,,,,,,,,,,15,,,,,,,,,,,,,40,,,,,,,,,,,,,
Goher,,,,,,,,,,,,,,,,,,1,,,,,,,,,,,,,,,,,,,,,,,,,,
Goldburger,,,,,140,,,,,,,,,,,,,0,,,,,,,,,,,,,,,,,,,,,,,,,,
Golden Muscat,,,,,,,,,,,,,,,,,,,,,,,,,,,,,,,,,,,,,,,,,,,1,
Goldriesling,,,,,,,,,,,,,,,,20,,,,,,,,,,,,,,,,,,,,,,,,,,,,
Goldtraminer,,,,,,,,,,,,,,,,,,,9,,,,,,,,,,,,,,,,,,,,,,,,,
Golubok,,,,,,,,,,,,,,,,,,,,,,,,50,,,,,,,37,,,,,,,,,,,,,
Goncalo Pires,,,,,,,,,,,,,,,,,,,,,,,,,,,,,1,,,,,,,,,,,,,,,
Goruli Mtsvane,,,,,,,,,,,,,,,287,,,,,,,,,,,,,,,,,,,,,,,,,,,,,
Gosen,,,,,,,,,,,,,,,,,,,1,,,,,,,,,,,,,,,,,,,,,,,,,
Goustolidi,,,,,,,,,,,,,,,,,68,,,,,,,,,,,,,,,,,,,,,,,,,,,
Gouveio Preto,,,,,,,,,,,,,,,,,,,,,,,,,,,,,0,,,,,,,,,,,,,,,
Gouveio Real,,,,,,,,,,,,,,,,,,,,,,,,,,,,,582,,,,,,,,,,,,,,,
Gouveio Roxo,,,,,,,,,,,,,,,,,,,,,,,,,,,,,238,,,,,,,,,,,,,,,
Gr 7,,,,,,,,,,,,,,,,,,,,,,,,,,,,,,,,,,,,,,,,,,,32,
Grachen,,,,,,,,,,,,,,,,,,,,,,,,,,,,,,,,,,,2,,,,,,,,,
Graciano,,19,,,,,,,0,,,,,,,,,,469,,,,,,,,,,332,,,,,,,2281,,,,,,,,
Grand Manchen,,,,,,,,,,,,,,,,,,,,,,,,,,,,,,,,,,,,8,,,,,,,,
Grand Noir,,2,,,,,,,,,,,,,,,,,,,,,,,,,,,179,,,,,,,774,,,,,,,,
Grangeal,,,,,,,,,,,,,,,,,,,,,,,,,,,,,1,,,,,,,,,,,,,,,
Granho,,,,,,,,,,,,,,,,,,,,,,,,,,,,,0,,,,,,,,,,,,,,,
Grapariol,,,,,,,,,,,,,,,,,,,2,,,,,,,,,,,,,,,,,,,,,,,,,
Grasa de Cotnari,,,,,,,,,,,,,,,,,,45,,,,,,,,,,,,640,,,,,,,,,,,,,,
Grasevina,,,,,3462,200,,,,,4701,,1148,,,,,4664,1568,,,,,,,,,,,7530,,33120,1655,2360,,791,,,,,,,,
Grechetto di Orvieto,,,,,,,,,,,,,,,,,,,1501,,,,,,,,,,,,,,,,,,,,,,,,,
Grechetto Rosso,,,,,,,,,,,,,,,,,,,49,,,,,,,,,,,,,,,,,,,,,,,,,
Greco,,0,,,,,,,,,,,,,,,,,158,,,,,,,,,,,,,,,,,,,,,,,,,
Greco Bianco,,,,,,,,,,,,,,,,,,,1604,,,,,,,,,,,,,,,,,,,,,,,,,
Greco Nero,,396,,,,,,,,,,,,,,,,,827,,,,,,,,,,,,,,,,,,,,,,,,,
Grenache Rose,,,,,,,,,,,,,,,,,645,,,,,,,,,,,,,,,,,,,,,,,,,,,
Grignolino,,,,,,,,,,,,,,,,,,,915,,,,,,,,,,,,,,,,,,,,,,,,,
Grillo,,,,,,,,,,,,,,,,,,,6295,,,,,,,,,,,,,,,,,,,,,,,,,
Grolleau Gris,,,,,,,,,,,,,,454,,,,,,,,,,,,,,,,,,,,,,,,,,,,,,
Grolleau Noir,,,,,,,,,,,,,,2350,,,,,,,,,,,,,,,,,,,,,,,,,,,,,,
Groppello di Mocasina,,,,,,,,,,,,,,,,,,,81,,,,,,,,,,,,,,,,,,,,,,,,,
Groppello di Revo,,,,,,,,,,,,,,,,,,,12,,,,,,,,,,,,,,,,,,,,,,,,,
Groppello Gentile,,,,,,,,,,,,,,,,,,,326,,,,,,,,,,,,,,,,,,,,,,,,,
Gros Manseng,,,,,,0,,,,,,,,4995,,,,,,,,,,,,,,,,,,,,,,,,,,,,,,
Grossa,,,,,,,,,,,,,,,,,,,,,,,,,,,,,73,,,,,,,,,,,,,,,
Gruner Veltliner,,8,,,13519,,,,,,,,1527,,,,,1533,165,,,,,,,,,,,,,,2091,,,,,,,,,,,
Guardavalle,,,,,,,,,,,,,,,,,,,33,,,,,,,,,,,,,,,,,,,,,,,,,
Gutenborner,,,,,,,,,,,,,,,,,,,,,,,,,,,,,,,,,,,,,,,,,,2,,
Gyongyrizling,,,,,,,,,,,,,,,,,,23,,,,,,,,,,,,,,,,,,,,,,,,,,
Hajnalka,,,,,,,,,,,,,,,,,,0,,,,,,,,,,,,,,,,,,,,,,,,,,
Harslevelu,,,,,,,,,,,,,,,,,,1659,,,,,,,,,,,,,,,141,,56,,,,,,,,,
Helfensteiner,,,,,,,,,,,,,,,,10,,,,,,,,,,,,,,,,,,,,,,,,,,,,
Herbemont,,,,,,764,,,,,,,,,,,,,,,,,,,,,,,,,,,,,,,,,,,,,,
Heroldrebe,,,,,,,,,,,,,,,,140,,,,,,,,,,,,,,,,,,,,,,,,,,,,
Himrod,,,,,,,,,,,,,,,,,,,,,,,,,,,,,,,,,,,,,,,,,,,0,
Hondarrabi Beltza,,,,,,,,,0,,,,,,,,,,,,,,,,,,,,,,,,,,,53,,,,,,,,
Hrvatica,,,,,,,,,,,,,,,,,,,116,,,,,,,,,,,,,,,,,,,,,,,,,
Huerta del Rey,,,,,,,,,,,,,,,,,,,,,,,,,,,,,,,,,,,,2,,,,,,,,
Humagne,,,,,,,,,,,,,,,,,,,,,,,,,,,,,,,,,,,,,30,,,,,,,
Huxelrebe,,,,,,,,,,,,,,,,590,,,,,,,,,,,,,,,,,,,,,,,,,,17,,
Ilichevskii Rannii,,,,,,,,,,,,,,,,,,,,,,,,5,,,,,,,,,,,,,,,,,,,,
Imperial Napoleon,,,,,,,,,,,,,,,,,,,,,,,,,,,,,,,,,,,,12,,,,,,,,
Imperial Seedless,,,,,,,,,,,,,,,,,,,,,,,,,,,,1,,,,,,,,,,,,,,,,
Impigno,,,,,,,,,,,,,,,,,,,7,,,,,,,,,,,,,,,,,,,,,,,,,
Incrocio Bianco Fedit 51,,,,,,,,,,,,,,,,,,,5,,,,,,,,,,,,,,,,,,,,,,,,,
Incrocio Bruni 54,,,,,,,,,,,,,,,,,,,12,,,,,,,,,,,,,,,,,,,,,,,,,
Incrocio Manzoni 2.15,,,,,,,,,,,,,,,,,,,86,,,,,,,,,,,,,,,,,,,,,,,,,
Incrocio Terzi 1,,,,,,,,,,,,,,,,,,,44,,,,,,,,,,,,,,,,,,,,,,,,,
Invernenga,,,,,,,,,,,,,,,,,,,7,,,,,,,,,,,,,,,,,,,,,,,,,
Inzolia,,,,,,,,,,,,,,,,,,,6133,,,,,,,,,,,,,,,,,,,,,,,,,
Irsai Oliver,,,,,,,,,,,,,69,,,,,1090,,,,,,,,,,,,,24,,227,,,,5,,,,,,,
Isabella,,,,,,18279,,,,,,,,,,,,,,,,,,11401,,,,,,,162,,,,,,,,,,2396,,,256
Italia,,126,,,,0,,,,,,,,,,,,,,,,,,,,,,1011,,,,,,,,8,,,,,,,,
Italica,,,,,,,,,,,,,,,,,,,367,,,,,,,,,,,,,,,,,,,,,,,,,
Ives,,,,,,,,,,,,,,,,,,,,,,,,,,,,,,,,,,,,,,,,,,,16,
J Ibanez,,,,,,,,,,,,,,,,,,,,,,,,,,,,,,,,,,,,35,,,,,,,,
Jacquere,,,,,,,,,,,,,,1027,,,,,,,,,,,,,,,1,,,,,,,,,,,,,,,
Jacquez,,,,,,2252,,,,,,,,,,,,,,,,,80,,,,,,,,,,,,,,,,,,,,36,
Jampal,,,,,,,,,,,,,,,,,,,,,,,,,,,,,71,,,,,,,,,,,,,,,
Johanniter,,,,,,,,,,,,,,,,40,,,,,,,,,,,,,,,,,,,,,11,,,,,,,
Juan Garcia,,,,,,,,,,,,,,,,,,,,,,,,,,,,,135,,,,,,,1572,,,,,,,,
Jubilaumsrebe,,,,,13,,,,,,,,,,,,,0,,,,,,,,,,,,,,,,,,,,,,,,,,
Jubileum 75,,,,,,,,,,,,,,,,,,194,,,,,,,,,,,,,,,,,,,,,,,,,,
Juhfark,,,,,,,,,,,,,,,,,,186,,,,,,,,,,,,,,,,,,,,,,,,,,
Juliana,,,,,,0,,,,,,,,,,,,,,,,,,,,,,,,,,,,,,,,,,,,,,
Jurancon Noir,,,,,,,,,,,,,,706,,,,,,,,,,,,,,,,,,,,,,,,,,,,,,
Juwel,,,,,,,,,,,,,,,,10,,,,,,,,,,,,,,,,,,,,,,,,,,,,
K.35,,,,,,,,,,,,,,,,,,0,,,,,,,,,,,,,,,,,,,,,,,,,,
Kabar,,,,,,,,,,,,,,,,,,18,,,,,,,,,,,,,,,,,,,,,,,,,,
Kadarka,,,,,,,550,,,,5,,,,,,,532,,,,,,,,,,,,,,,,,,,,,,,,,,
Kakotrygis,,,,,,,,,,,,,,,,,103,,,,,,,,,,,,,,,,,,,,,,,,,,,
Kalecik Karasi,,,,,,,,,,,,,,,,,,,,,,,,,,,,,,,,,,,,,,,,861,,,,
Kanaan,,,,,,,,,,,,,,,,,,,,,,,,,,,,,,,,,,,25,,,,,,,,,
Kangun,,,850,,,,,,,,,,,,,,,,,,,,,,,,,,,,,,,,,,,,,,,,,
Kanzler,,,,,,,,,,,,,,,,10,,,,,,,,,,,,,,,,,,,,,,,,,,,,
Karalahna,,,,,,,,,,,,,,,,,,,,,,,,,,,,,,,,,,,,,,,,4,,,,
Karasakiz,,,,,,,,,,,,,,,,,,,,,,,,,,,,,,,,,,,,,,,,4,,,,
Karat,,,,,,,,,,,,,,,,,,50,,,,,,,,,,,,,,,,,,,,,,,,,,
Karmin,,,,,,,,,,,,,,,,,,36,,,,,,,,,,,,,,,,,,,,,,,,,,
Kay Gray,,,,,,,,,,,,,,,,,,,,,,,,,,,,,,,,,,,,,,,,,,,1,
Kek Bakator,,,,,,,,,,,,,,,,,,3,,,,,,,,,,,,,,,,,,,,,,,,,,
Keknyelu,,,,,,,,,,,,,,,,,,43,,,,,,,,,,,,,,,,,,,,,,,,,,
Kerner,,,,,,,,11,,,4,,,,,3510,,2,83,357,,,,,,,,,,,,,,2,,,19,,,,,6,,
Kernling,,,,,,,,,,,,,,,,10,,,,,,,,,,,,,,,,,,,,,,,,,,5,,
Khikhvi,,,,,,,,,,,,,,,6,,,,,,,,,,,,,,,,,,,,,,,,,,,,,
Kiralyleanyka,,,,,,,,,,,,,,,,,,855,,,,,,,,,,,,,,,,,,,,,,,,,,
Kisi,,,,,,,,,,,,,,,26,,,,,,,,,,,,,,,,,,,,,,,,,,,,,
Koenigin der Weingaerten,,,,,,,,,,,,,,,,,,,61,,,,,,,,,,,,,,,,,,,,,,,,,
Koksis Irma,,,,,,,,,,,,,,,,,,11,,,,,,,,,,,,,,,,,,,,,,,,,,
Kokur Bely,,,,,,,,,,,,,,,,,,,,,,,,,,,,,,,,,,,,,,,,,918,,,
Kolor,,,,,,,,,,,,,,,,,,,,,,,,,,,2,,,,,,,,,,,,,,,,,
Korinthiaki,,,,,,,,,4,,,,,,,,,,50,,,,,,,,,,,,,,,,,,,,,,,,,
Korona,,,,,,,,,,,,,,,,,,1,,,,,,,,,,,,,,,,,,,,,,,,,,
Koshu,,,,,,,,,,,,,,,,,,,,168,,,,,,,,,,,,,,,,,,,,,,,,
Kotsifali,,,,,,,,,,,,,,,,,2330,,,,,,,,,,,,,,,,,,,,,,,,,,,
Kovidinka,,,,,,,,,,,56,,,,,,,1020,,,,,,,,,,,,,,,,,,,,,,,,,,
Krakhuna,,,,,,,,,,,,,,,46,,,,,,,,,,,,,,,,,,,,,,,,,,,,,
Kraljevina,,,,,,,,,,,268,,,,,,,,,,,,,,,,,,,,,,,179,,,,,,,,,,
Krasnostop Zolotovsky,,,,,,,,,,,,,,,,,,,,,,,,,,,,,,,562,,,,,,,,,,,,,
Krassato,,,,,,,,,,,,,,,,,52,,,,,,,,,,,,,,,,,,,,,,,,,,,
Kreaca,,,,,,,,,,,,,,,,,,3,,,,,,,,,,,,,,,,,,,,,,,,,,
Kujundzusa,,,,,,,,,,,206,,,,,,,,,,,,,,,,,,,,,,,,,,,,,,,,,
Kuldzhinskii,,,,,,,,,,,,,,,,,,,,,385,,,,,,,,,,,,,,,,,,,,,,,
Kunbarat,,,,,,,,,,,,,,,,,,9,,,,,,,,,,,,,,,,,,,,,,,,,,
Kunleany,,,,,,,,,,,,,,,,,,1211,,,,,,,,,,,,,,,,,,,,,,,,,,
Kurucver,,,,,,,,,,,,,,,,,,0,,,,,,,,,,,,,,,,,,,,,,,,,,
La Crescent,,,,,,,,,,,,,,,,,,,,,,,,,,,,,,,,,,,,,,,,,,,77,
La Crosse,,,,,,,,,,,,,,,,,,,,,,,,,,,,,,,,,,,,,,,,,,,25,
Labrusco,,,,,,,,,,,,,,,,,,,,,,,,,,,,,81,,,,,,,,,,,,,,,
Lacrima Christi,,,,,,,,,85,,,,,,,,,,,,,,,,,,,,,,,,,,,,,,,,,,,
Lacrima di Morro d'Alba,,,,,,,,,,,,,,,,,,,421,,,,,,,,,,,,,,,,,,,,,,,,,
Lado,,,,,,,,,,,,,,,,,,,,,,,,,,,,,,,,,,,,1,,,,,,,,
Lagarino Bianco,,,,,,,,,,,,,,,,,,,23,,,,,,,,,,,,,,,,,,,,,,,,,
Lagrein,,,,,,0,,,,,,,,,,,,,654,,,,,,,,,,,,,,,,,,,,,,,,64,
Lairen,,,,,,,,,,,,,,,,,,,,,,,,,,,,,,,,,,,,214,,,,,,,,
Lakhegyi Mezes,,,,,,,,,,,,,,,,,,306,,,,,,,,,,,,,,,,,,,,,,,,,,
Lambrusca di Alessandria,,,,,,,,,,,,,,,,,,,137,,,,,,,,,,,,,,,,,,,,,,,,,
Lambrusco,,,,,,8,,,,,,,,,,,,,,,,,,,,,,,,,,,,,,,,,,,,,38,
Lambrusco Barghi,,,,,,,,,,,,,,,,,,,18,,,,,,,,,,,,,,,,,,,,,,,,,
Lambrusco di Sorbaraa,,,,,,,,,,,,,,,,,,,1606,,,,,,,,,,,,,,,,,,,,,,,,,
Lambrusco Grasparossa,,12,,,,,,,,,,,,,,,,,2726,,,,,,,,,,,,,,,,,,,,,,,,,
Lambrusco Maestri,,49,,,,,,,,,,,,,,,,,2223,,,,,,,,,,,,,,,,,,,,,,,,,
Lambrusco Marani,,,,,,,,,,,,,,,,,,,1394,,,,,,,,,,,,,,,,,,,,,,,,,
Lambrusco Montericco,,,,,,,,,,,,,,,,,,,70,,,,,,,,,,,,,,,,,,,,,,,,,
Lambrusco Oliva,,,,,,,,,,,,,,,,,,,112,,,,,,,,,,,,,,,,,,,,,,,,,
Lambrusco Salamino,,,,,,,,,,,,,,,,,,,5003,,,,,,,,,,,,,,,,,,,,,,,,,
Lambrusco Viadanese,,,,,,,,,,,,,,,,,,,240,,,,,,,,,,,,,,,,,,,,,,,,,
Lameiro,,,,,,,,,,,,,,,,,,,,,,,,,,,,,0,,,,,,,,,,,,,,,
Landot Noir,,,,,,,,,,,,,,,,,,,,,,,,,,,,,,,,,,,,,,,,,,,2,
Lariao,,,,,,,,,,,,,,,,,,,,,,,,,,,,,4,,,,,,,,,,,,,,,
Lasina,,,,,,,,,,,14,,,,,,,,,,,,,,,,,,,,,,,,,,,,,,,,,
Laurot,,,,,,,,,,,,,6,,,,,,,,,,,,,,,,,,,,,,,,,,,,,,,
Leanyka,,,,,,,,,,,,,,,,,,838,,,,,,,,,,,,,,,,,,,,,,,,,,
Lecinaro,,,,,,,,,,,,,,,,,,,1,,,,,,,,,,,,,,,,,,,,,,,,,
Leira,,,,,,,,,,,,,,,,,,,,,,,,,,,,,1,,,,,,,,,,,,,,,
Len de l'El,,,,,,,,,,,,,,640,,,,,,,,,,,,,,,,,,,,,,,,,,,,,,
Leon Millot,,,,,,,,3,,,,,,,,,,,,,,,,,,,,,,,,,,,,,9,,,,,3,8,
Levokumski Sustainable,,,,,,,,,,,,,,,,,,,,,,,,,,,,,,,170,,,,,,,,,,,,,
Levokumsky,,,,,,,,,,,,,,,,,,,,,,,,,,,,,,,720,,,,,,,,,,,,,
Liatiko,,,,,,,,,,,,,,,,,1211,,,,,,,,,,,,,,,,,,,,,,,,,,,
Limnio,,,,,,,,,,,,,,,,,372,,,,,,,,,,,,,,,,,,,,,,,,,,,
Listain de Huelva,,,,,,,,,,,,,,,,,,,,,,,,,,,,,350,,,,,,,,,,,,,,,
Listan Negro,,,,,,,,,,,,,,,,,,,,,,,,,,,,,,,,,,,,2666,,,,,,,,
Listan Prieto,,423,,,,,,,3869,,,,,,,,,,,,,,,,,,,,,,,,,,,6,,,,,,,265,
Lorena,,,,,,519,,,,,,,,,,,,,,,,,,,,,,,,,,,,,,,,,,,,,,
Louise Swenson,,,,,,,,,,,,,,,,,,,,,,,,,,,,,,,,,,,,,,,,,,,3,
Loureiro,,,,,,,,,,,,,,,,,,,,,,,,,,,,,3469,,,,,,,585,,,,,,,,
Lourela,,,,,,,,,,,,,,,,,,,,,,,,,,,,,0,,,,,,,,,,,,,,,
Lumassina,,,,,,,,,,,,,,,,,,,98,,,,,,,,,,,,,,,,,,,,,,,,,
Lusitano,,,,,,,,,,,,,,,,,,,,,,,,,,,,,0,,,,,,,,,,,,,,,
Luzidio,,,,,,,,,,,,,,,,,,,,,,,,,,,,,0,,,,,,,,,,,,,,,
Macabeo,,2,,,,,,,,,,,,2628,,,,,,,,,,,,,,,,,,,,,,38417,,,,,,,,
Maceratino,,,,,,,,,,,,,,,,,,,177,,,,,,,,,,,,,,,,,,,,,,,,,
Madeleine Angevine,,,,,,,,7,,,,,,,,,,,,,,,,,,,,,,,,,,,,,,,,,,45,,
Madeleine Sylvaner,,,,,,,,6,,,,,,,,,,,,,,,,,,,,,,,,,,,,,,,,,,1,,
Magliocco Canino,,,,,,,,,,,,,,,,,,,539,,,,,,,,,,,,,,,,,,,,,,,,,
Magliocco Dolce,,,,,,,,,,,,,,,,,,,87,,,,,,,,,,,,,,,,,,,,,,,,,
Magyarfrankos,,,,,,,,,,,,,,,,,,0,,,,,,,,,,,,,,,,,,,,,,,,,,
Maiolica,,,,,,,,,,,,,,,,,,,26,,,,,,,,,,,,,,,,,,,,,,,,,
Maiolina,,,,,,,,,,,,,,,,,,,1,,,,,,,,,,,,,,,,,,,,,,,,,
Maiskii Chernyi,,,,,,,,,,,,,,,,,,,,,110,,,,,,,,,,,,,,,,,,,,,,,
Malaga Blanc,,,,,,,,,,,,,,,,,,,,,,,,,,,,,,,,,,,,,,16,,,,,,
Malagousia,,,,,,,,,,,,,,,,,182,,,,,,,,,,,,,,,,,,,,,,,,,,,
Malbo Gentile,,,,,,,,,,,,,,,,,,,211,,,,,,,,,,,,,,,,,,,,,,,,,
Malvarisco,,,,,,,,,,,,,,,,,,,,,,,,,,,,,3,,,,,,,,,,,,,,,
Malvasia Amarela,,,,,,14,,,,,,,,,,,,,,,,,,,,,,,,,,,,,,,,,,,,,,
Malvasia Bianca di Basilicata,,,,,,,,,,,,,,,,,,,210,,,,,,,,,,,,,,,,,,,,,,,,,
Malvasia Bianca di Candia,,,,,,100,,,,,,,,,,,,,9231,,,,,,,,,,6,,,,,,,,,,,,,,554,
Malvasia Bianca Lunga,,,,,,0,,,,,285,,,,,,,,2259,,,,,,,,,,,,,,,,,,,,,,,,,
Malvasia Branca de Sao Jorge,,,,,,,,,,,,,,,,,,,,,,,,,,,,,110,,,,,,,,,,,,,,,
Malvasia Candida Roxa,,,,,,,,,,,,,,,,,,,,,,,,,,,,,3,,,,,,,,,,,,,,,
Malvasia del Lazio,,,,,,,,,,,,,,,,,,,590,,,,,,,,,,,,,,,,,,,,,,,,,
Malvasia di Candia Aromatica,,,,,,,,,,,,,,,,,,,895,,,,,,,,,,,,,,,,,,,,,,,,,
Malvasia di Casorzo,,,,,,,,,,,,,,,,,,,107,,,,,,,,,,,,,,,,,,,,,,,,,
Malvasia di Lipari,,,,,,,,,,,24,,,,,,,,167,,,,,,,,,,7,,,,,,,112,,,,,,,,
Malvasia di Schierano,,,,,,,,,,,,,,,,,,,89,,,,,,,,,,,,,,,,,,,,,,,,,
Malvasia Fina,,,,,,,,,,,,,,,,,,,,,,,,,,,,,2930,,,,,,,478,,,,,,,,8
Malvasia Fina Roxa,,,,,,,,,,,,,,,,,,,,,,,,,,,,,25,,,,,,,,,,,,,,,
Malvasia Nera di Basilicata,,0,,,,,,,,,,,,,,,,,114,,,,,,,,,,,,,,,,,,,,,,,,,
Malvasia Nera di Brindisi,,,,,,,,,,,,,,,,,,,1281,,,,,,,,,,,,,,,,,33,,,,,,,,
Malvasia Nera Lunga,,,,,,,,,,,,,,,,,,,38,,,,,,,,,,,,,,,,,,,,,,,,,
Malvasia Parda,,,,,,,,,,,,,,,,,,,,,,,,,,,,,1,,,,,,,,,,,,,,,
Malvasia Preta,,,,,,,,,,,,,,,,,,,,,,,,,,,,,1003,,,,,,,,,,,,,,,
Malvasia Romana,,,,,,,,,,,,,,,,,,,,,,,,,,,,,0,,,,,,,,,,,,,,,
Malvasia Rosa,,,,,,,,,,,,,,,,,,,32,,,,,,,,,,,,,,,,,,,,,,,,,
Malvasia Trigueira,,,,,,,,,,,,,,,,,,,,,,,,,,,,,12,,,,,,,,,,,,,,,
Malvazija Istarska,,,,,,,,,,,1705,,,,,,,,296,,,,,,,,,,,,,,,740,,,,,,,,,,
Malvia,,,,,,,,,,,,,,,,,,,,,,,,,,,,,0,,,,,,,,,,,,,,,
Mammolo,,,,,,,,,,,,,,773,,,,,52,,,,,,,,,,,,,,,,,,,,,,,,,
Mandilaria,,,,,,,,,,,,,,,,,885,,,,,,,,,,,,,,,,,,,,,,,,,,,
Manseng Noir,,29,,,,,,,,,,,,,,,,,,,,,,,,,,,22,,,,,,,6,,,,,,,,
Manteudo Preto,,,,,,,,,,,,,,,,,,,,,,,,,,,,,16,,,,,,,,,,,,,,,
Manto Negro,,,,,,,,,,,,,,,,,,,,,,,,,,,,,,,,,,,,273,,,,,,,,
Manzoni Bianco,,,,,,,,,,,,,,,,,,,382,,,,,,,,,,,,,,,,,,,,,,,,,
Manzoni Moscato,,,,,,,,,,,,,,,,,,,20,,,,,,,,,,,,,,,,,,,,,,,,,
Manzoni Rosa,,,,,,,,,,,,,,,,,,,29,,,,,,,,,,,,,,,,,,,,,,,,,
Maratheftiko,,,,,,,,,,,,152,,,,,,,,,,,,,,,,,,,,,,,,,,,,,,,,
Marechal Foch,,,,,,,,158,,,,,,,,,,,,,,,,,,,,,,,,,,,,,13,,,,,,172,
Mario Feld,,,,,,,,,,,,,,,,,,,,,,,,,,,,,0,,,,,,,,,,,,,,,
Marmajuelo,,,,,,,,,,,,,,,,,,,,,,,,,,,,,,,,,,,,24,,,,,,,,
Marquette,,,,,,,,,,,,,,,,,,,,,,,,,,,,,,,,,,,,,,,,,,,88,
Marquinhas,,,,,,,,,,,,,,,,,,,,,,,,,,,,,11,,,,,,,,,,,,,,,
Mars,,,,,,,,,,,,,,,,,,,,,,,,,,,,,,,,,,,,,,,,,,,2,
Marsanne,,0,,238,,,,3,17,,,,,1341,,,,,55,,,,,,,,,,,,,,,,,,48,,,,,,38,2
Marselan,,8,,,,21,,,,,,,,2375,,,,2,,,,,,,,,,,,,,,,,,,,,,,,,,91
Marufo,,,,,,,,,,,,,,,,,,,,,,,,,,,,,4008,,,,,,,2571,,,,,,,,
Marzemina Bianca,,,,,,,,,,,,,,,,,,,54,,,,,,,,,,,,,,,,,,,,,,,,,
Marzemino,,,,,,1,,,,,,,,,,,,,1090,,,,,,,,,,,,,,,,,,,,,,,,,
Maticha,,275,,,,,,,,,,,,,,,,,,,,,,,,,,,,,,,,,,,,,,,,,,
Matrai Muskotaly,,,,,,,,,,,,,,,,,,67,,,,,,,,,,,,,,,,,,,,,,,,,,
Matrasa,,,,,,,,,,,,,,,,,,,,,28,,,,,,,,,,,,,,,,,,,,,,,
Maturana Blanca,,,,,,,,,,,,,,,,,,,10,,,,,,,,,,,,,,,,,8,,,,,,,,
Mauzac Blanc,,,,,,,,,,,,,,1991,,,,,,,,,,,,,,,,,,,,,,,,,,,,,,
Mavro,,,,,,,,,,,,3575,,,,,,,,,,,,,,,,,,,,,,,,,,,,,,,,
Mavrodafni,,,,,,,,,,,,,,,,,345,,,,,,,,,,,,,,,,,,,,,,,,,,,
Mavrouda,,,,,,,,,,,,,,,,,520,,,,,,,,,,,,,,,,,,,,,,,,,,,
Mavrud,,,,,,,1296,,,,,,,,,,,,,,,,,,,,,,,,,,,,,,,,,,,,,
Mayolet,,,,,,,,,,,,,,,,,,,7,,,,,,,,,,,,,,,,,,,,,,,,,
Mazuelo,7550,29,,,,,,,477,,34,481,,53155,,,16,,2023,,,,448,,1692,4,,,338,,,,,,81,4749,,,7576,84,,,1441,
Mazzese,,,,,,,,,,,,,,,,,,,76,,,,,,,,,,,,,,,,,,,,,,,,,
Medina,,,,,,,,,,,8,,,,,,,151,,,,,,,,,,,,,,,,,,,,,,,,,,
Melara,,,,,,,,,,,,,,,,,,,3,,,,,,,,,,,,,,,,,,,,,,,,,
Melhorio,,,,,,,,,,,,,,,,,,,,,,,,,,,,,0,,,,,,,,,,,,,,,
Melon,,1,,,,,,,,,,,,12364,,,,,,,,,,,,,,,,,,,,,,,,,,,,,,
Mencia,,,,,,0,,,0,,,,,,,,,,,,,,,,,,,,2454,,,,,,,8204,,,,,,,,
Menoir,,,,,,,,,,,,,,,,,,65,,,,,,,,,,,,,,,,,,,,,,,,,,
Menu Pineau,,,,,,,,,,,,,,212,,,,,,,,,,,,,,,,,,,,,,,,,,,,,,
Merlese,,,,,,,,,,,,,,,,,,,14,,,,,,,,,,,,,,,,,,,,,,,,,
Merlot,1510,6282,,10028,644,766,10573,999,10041,3560,780,63,90,115746,,,1248,1907,28042,817,,,391,8123,,,1369,2,772,10988,1588,,,996,6497,15540,1028,,,355,2820,2,22729,875
Merlot Blanc,,,,,,,,,,,,,,31,,,,,,,,,,,,,,,,,,,,,,,,,,,,,,
Merseguera,,,,,,,,,,,,,,,,,,,,,,,,,,,,,,,,,,,,3946,,,,,,,,
Mezes Feher,,,,,,,,,,,,,,,,,,2,,,,,,,,,,,,,,,,,,,,,,,,,,
Michele Parlieri,,,,,,,,,,,,,,,,,,,,,,,,,,,,,,,,,,,,1,,,,,,,,
Michurinetz,,,,,,,,0,,,,,,,,,,,,,,,,,,,,,,,,,,,,,,,,,,,,
Miguel del Arco,,,,,,,,,,,,,,,,,,,,,,,,,,,,,,,,,,,,468,,,,,,,,
Milia,,,,,,,,,,,,,,,,,,,,,,,,,,,,,,,,,1,,,,,,,,,,,
Mindelo,,,,,,,,,,,,,,,,,,,,,,,,,,,,,1,,,,,,,,,,,,,,,
Minella Bianca,,,,,,,,,,,,,,,,,,,65,,,,,,,,,,,,,,,,,,,,,,,,,
Misket Cherven,,,,,,,4159,,,,,,,,,,,,,,,,,,,,,,,,,,,,,,,,,,,,,
Misket Varnenski,,,,,,,336,,,,,,,,,,,,,,,,,,,,,,,,,,,,,,,,,,,,,
Molinara,,,,,,0,,,,,,,,,,,,,595,,,,,,,,,,,,,,,,,122,,,,,,,,
Monastrell,,8,,692,,,,2,59,,,172,,9363,,,,,,,,,,,,,,,,,,,,,403,58406,,,337,4,,,404,1
Mondet,,,,,,,,,,,,,,,,,,,,,,,,,,,,,0,,,,,,,,,,,,,,,
Mondeuse Noire,,,,,,,,,,,,,,299,,,,,4,,,,,,,,,,,,,,,,,,4,,,,,,,
Monemvassia,,,,,,,,,,,,,,,,,481,,,,,,,,,,,,,,,,,,,,,,,,,,,
Monica Nera,,,,,,,,,,,,,,,,,,,1404,,,,,,,,,,,,,,,,,,,,,,,,,
Monstruosa,,,,,,,,,,,,,,,,,,,,,,,,,,,,,,,,,,,,1,,,,,,,,
Montepulciano,,85,,,,2,,,,,,,,,,,,,34824,,,,,,,,7,,,,,,,,,,,,,,,,29,
Montonico Bianco,,,,,,,,,,,,,,,,,,,734,,,,,,,,,,,,,,,,,,,,,,,,,
Monvedro,,,,,,,,,,,,,,,,,,,,,,,,,,,,,6,,,,,,,,,,,,,,,
Moore's Diamond,,,,,,,,,,,,,,,,,,,,,,,,,,,,,,,,,,,,,,,,,,,42,
Moradella,,,,,,,,,,,,,,,,,,,6,,,,,,,,,,,,,,,,,,,,,,,,,
Moravia Agria,,,,,,,,,,,,,,,,,,,,,,,,,,,,,,,,,,,,550,,,,,,,,
Moreto,,,,,,,,,,,,,,,,,,,,,,,,,,,,,900,,,,,,,,,,,,,,,
Morio-Muskat,,,,,,,,,,,,,,,,470,,,,,,,,,,,,,,,,,,,39,,,,,,,,,
Moristel,,,,,,,,,,,,,,,,,,,,,,,,,,,,,,,,,,,,112,,,,,,,,
Morone,,,,,,,,,,,,,,,,,,,13,,,,,,,,,,,,,,,,,,,,,,,,,
Moscadet,,,,,,,,,,,,,,,,,,,,,,,,,,,,,4,,,,,,,,,,,,,,,
Moscargo,,,,,,,,,,,,,,,,,,,,,,,,,,,,,0,,,,,,,,,,,,,,,
Moscatel Branco,,,,,,,,,,,,,,,,,,,,,,,,,,,,,30,,,,,,,,,,,,,,,
Moscatel Lilaz,,,,,,,,,,,,,,,,,,,,,,,,,,,,,0,,,,,,,,,,,,,,,
Moscatel Rosada,,7259,,,,,,,70,,,,,,,,,,,,,,,,,,,,,,,,,,,,,,,,,,,
Moscatello Selvatico,,,,,,,,,,,,,,,,,,,35,,,,,,,,,,,,,,,,,,,,,,,,,
Moscato di Scanzo,,,,,,,,,,,,,,,,,,,53,,,,,,,,,,,,,,,,,,,,,,,,,
Moscato di Terracina,,,,,,,,,,,,,,,,,,,138,,,,,,,,,,,,,,,,,,,,,,,,,
Moscato Embrapa,,,,,,862,,,,,,,,,,,,,,,,,,,,,,,,,,,,,,,,,,,,,,
Moscato Giallo,,133,,,,126,,,25,,59,,,,,,,,1127,,,,,,,,,,,,,,,,,,,,,,,,,
Moscato Nazareno,,,,,,68,,,,,,,,,,,,,,,,,,,,,,,,,,,,,,,,,,,,,,
Moscato Rosa del Trentino,,,,,,0,,,,,14,,,,,,,,66,,,,,,,,,,,,,,,,,,,,,,,,,
Moscatuel,,61,,,,,,,,,,,,,,,,,,,,,,,,,,,,,,,,,,,,,,,,,,
Moschofilero,,,,,,,,,,,,,,,,,934,,,,,,,,,,,,,,,,,,,,,,,,,,,
Moschofilero II,,,,,,,,,,,,,,,,,80,,,,,,,,,,,,,,,,,,,,,,,,,,,
Moschomavro,,,,,,,,,,,,,,,,,1428,,,,,,,,,,,,,,,,,,,,,,,,,,,
Mostosa,,,,,,,,,,,,,,,,,,,24,,,,,,,,,,,,,,,,,,,,,,,,,
Mourisco de Semente,,,,,,,,,,,,,,,,,,,,,,,,,,,,,60,,,,,,,,,,,,,,,
Mourisco de Trevoes,,,,,,,,,,,,,,,,,,,,,,,,,,,,,2,,,,,,,,,,,,,,,
Mskhali,,,1093,,,,,,,,,,,,,,,,,,,,,,,,,,,,,,,,,,,,,,,,,
Mtsvane  Kakhuri,,,,,,,,,,,,,,,319,,,,,,,,,,,,,,,,,,,,,,,,,,,,,
Muller Thurgau,,,,,2044,,,7,,,60,,1572,,,13480,,2098,1312,172,,184,,173,,,79,,,,106,,932,,,,493,,,,,43,,
Muscadel (Red),,,,,,,,,,,,,,,,,,,,,,,,,,,,,,,,,,,371,,,,,,,,,
Muscadelle,,,,67,,,,,,,,,,1589,,,,,,,,,,,,,,,,,,,,,,,,,,,,,,
Muscat a Petits Grains Noirs,,,,,,,,,,,,,,,,,,,,,,,,,,,,,108,,,,,,,,,,,,,,,
Muscat a Petits Grains Rouge,,,,230,,,,,,,,,,314,,,,,,,,,,,,,,,68,,,,,,,,,,,,,,,
Muscat Amber,,,,,,,,,,,,,,,,,,,,,,,,,,,,,,,21,,,,,,,,,,,,,
Muscat Bailey A,,,,,,19,,,,,,,,,,,,,,103,,,,,,,,,,,,,,,,,,,,,,,,
Muscat Blanc a Petits Grains,,94,526,533,492,1005,,,,,56,,,7620,,170,2162,709,11506,,,,246,172,,7,,361,505,840,145,,48,353,689,1291,49,3,,114,674,,733,10
Muscat de Ialoveni,,,,,,,,,,,,,,,,,,,,,,,,20,,,,,,,,,,,,,,,,,,,,
Muscat Fleur d'Oranger,,,,,,,,,,,,,,,,,,,,,,,,,,,,,,,,,,,,,,,,,,,91,
Muscat of Alexandria,,2939,,2043,,7,,,1090,,,120,,2610,,,,,1521,,,,,,3669,,,,647,,,,,,2167,8237,,,,,,,1285,
Muscat of Alexandria Red,,,,,,,,,,,,,,,,,,,,,,,,,,,,,,,,,,,6,,,,,,,,,
Muscat of Hamburg,,,,,,,,,,,14,,,3504,,,,12,73,,,,,,,,,,,,180,2760,,,,2,,,,,,,92,1500
Muscat Ottonel,,,,,359,,3236,,,,23,,60,,,60,,1232,0,,,,,1520,,,,,,3641,34,,48,,13,,,,,,,,,7
Muscat Rose,,,,,,,,,,,,,,,,,,,,,227,,,,,,,,,,,,,,,,,,,,,,,
Muscat Swenson,,,,,,,,24,,,,,,,,,,,,,,,,,,,,,,,,,,,,,,,,,,,0,
Muscat Violet,,,,,,,,,,,,,,,,,,,,,27,,,,,,,,,,,,,,,,,,,,,,,
Muskat Moravsky,,,,,,,,,,,,,351,,,,,,,,,,,,,,,,,,,,163,,,,,,,,,,,
Mustoasa de Maderat,,,,,,,,,,,,,,,,,,,,,,,,,,,,,,255,,,,,,,,,,,,,,
Naia,,,,,,,,,,,,,,,,,,,,,,,,,,,,,0,,,,,,,,,,,,,,,
Naparo,,,,,,,,,,,,,,,,,,,,,,,,,,,,,,,,,,,,1,,,,,,,,
Narince,,,,,,,,,,,,,,,,,,,,,,,,,,,,,,,,,,,,,,,,769,,,,
Nascetta,,,,,,,,,,,,,,,,,,,21,,,,,,,,,,,,,,,,,,,,,,,,,
Nasco,,,,,,,,,,,,,,,,,,,141,,,,,,,,,,,,,,,,,,,,,,,,,
Nebbiera,,,,,,,,,,,,,,,,,,,12,,,,,,,,,,,,,,,,,,,,,,,,,
Nebbiolo,,49,,98,,1,,0,11,,,,,,,,,,5536,,,,180,,,,1,,,,,,,,22,,,,,,,,68,26
Negoska,,,,,,,,,,,,,,,,,143,,,,,,,,,,,,,,,,,,,,,,,,,,,
Negramoll,,,,,,,,,,,,,,,,,,,,,,,,,,,,1252,676,,,,,,,1265,,,,,,,,
Negrette,,,,,,2,,,,,,,,1227,,,,,,,,,,,,,,,,,,,,,,,,,,,,,,
Negretto,,,,,,,,,,,,,,,,,,,75,,,,,,,,,,,,,,,,,,,,,,,,,
Negroamaro,,,,,,,,,,,,,,,,,,,11460,,,,,,,,,,,,,,,,,,,,,,,,,
Negroamaro Precoce,,,,,,,,,,,,,,,,,,,32,,,,,,,,,,,,,,,,,,,,,,,,,
Negru de Ialoveni,,,,,,,,,,,,,,,,,,,,,,,,15,,,,,,,,,,,,,,,,,,,,
Nektar,,,,,,,,,,,,,,,,,,21,,,,,,,,,,,,,,,,,,,,,,,,,,
Ner d'Ala,,,,,,,,,,,,,,,,,,,30,,,,,,,,,,,,,,,,,,,,,,,,,
Nerello Cappuccio,,,,,,,,,,,,,,,,,,,508,,,,,,,,,,,,,,,,,,,,,,,,,
Nerello Mascalese,,,,,,,,,,,,,,,,,,,2883,,,,,,,,,,,,,,,,,,,,,,,,,
Neretta Cuneese,,,,,,,,,,,,,,,,,,,132,,,,,,,,,,,,,,,,,,,,,,,,,
Neretto di Bairo,,,,,,,,,,,,,,,,,,,34,,,,,,,,,,,,,,,,,,,,,,,,,
Nero,,,,,,,,,,,,,,,,,,50,,,,,,,,,,,,,,,,,,,,,,,,,,
Nero Buono di Cori,,,,,,,,,,,,,,,,,,,135,,,,,,,,,,,,,,,,,,,,,,,,,
Nero d'Avola,,1,,,,,,,,,,,,,,,,,16595,,,,,,,,,,,,,,,,,,,,,,,,,
Nero di Troia,,,,,,,,,,,,,,,,,,,2572,,,,,,,,,,,,,,,,,,,,,,,,,
Neronet,,,,,,,,,,,,,33,,,,,,,,,,,,,,,,,,,,39,,,,,,,,,,,
Neuburger,,,,,652,,,,,,,,303,,,,,,,,,,,,,,,,,,,,9,,,,,,,,,,,
Nevoeira,,,,,,,,,,,,,,,,,,,,,,,,,,,,,0,,,,,,,,,,,,,,,
New York Muscat,,,,,,,,5,,,,,,,,,,,,,,,,,,,,,,,,,,,,,,,,,,,,
Neyret,,,,,,,,,,,,,,,,,,,41,,,,,,,,,,,,,,,,,,,,,,,,,
Niagara,,,,,,3177,,155,,,,,,,,,,,,128,,,,,,,,,,,,,,,,,,,,,,,1210,
Nieddera,,,,,,,,,,,,,,,,,,,107,,,,,,,,,,,,,,,,,,,,,,,,,
Nigra,,,,,,,,,,,,,,,,,,,3,,,,,,,,,,,,,,,,,,,,,,,,,
Nincusa,,,,,,,,,,,17,,,,,,,,,,,,,,,,,,,,,,,,,,,,,,,,,
Noah,,,,,,,,,,,,,,,,,,,,,,,,71,,,,,,,,,,,,,,,,,,,,
Nobling,,,,,,,,,,,,,,,,50,,,,,,,,,,,,,,,,,,,,,,,,,,,,
Nocera,,,,,,,,,,,,,,,,,,,15,,,,,,,,,,,,,,,,,,,,,,,,,
Noiret,,,,,,,,,,,,,,,,,,,,,,,,,,,,,,,,,,,,,,,,,,,33,
Noria,,,,,,,,,,,,,,,,,,,,,,,,,,,,,,,,,1,,,,,,,,,,,
Norton,,,,,,102,,,,,,,,,,,,,,,,,,,,,,,,,,,,,,,,,,,,,227,
Nosiola,,,,,,,,,,,,,,,,,,,79,,,,,,,,,,,,,,,,,,,,,,,,,
Nosztori Rizling,,,,,,,,,,,,,,,,,,1,,,,,,,,,,,,,,,,,,,,,,,,,,
Notardomenico,,,,,,,,,,,,,,,,,,,10,,,,,,,,,,,,,,,,,,,,,,,,,
Nouvelle,,,,,,,,,,,,,,,,,,,,,,,,,,,,,,,,,,,422,,,,,,,,,
Nuragus,,,,,,,,,,,,,,,,,,,1345,,,,,,,,,,,,,,,,,,,,,,,,,
Odessky Cherny,,,,,,,,,,,,,17,,,,,7,,,,,,,,,,,,,,,236,,,,,,,,2426,,,
Odysseus,,,,,,,,,,,,,,,,,,4,,,,,,,,,,,,,,,,,,,,,,,,,,
Ofthalmo,,,,,,,,,,,,141,,,,,,,,,,,,,,,,,,,,,,,,,,,,,,,,
Ohanes,,,,,,,,,,,,,,,,,,,,,,,,,,,,,,,,,,,,1,,,,,,,,
Ojaleshi,,,,,,,,,,,,,,,32,,,,,,,,,,,,,,,,,,,,,,,,,,,,,
Okuzgozu,,,,,,,,,,,,,,,,,,,,,,,,,,,,,,,,,,,,,,,,1479,,,,
Ondarrabi Zuri,,,,,,,,,,,,,,,,,,,,,,,,,,,,,,,,,,,,492,,,,,,,,
Onitskanskii Belyi,,,,,,,,,,,,,,,,,,,,,,,,5,,,,,,,66,,,,,,,,,,,,,
Optima,,,,,,,,6,,,,,,,,30,,,,,,,,,,,,,,,,,,,,,,,,,,1,,
Ora,,,,,,0,,,,,,,,,,,,,,,,,,,,,,,,,,,,,,,,,,,,,,
Oraniensteiner,,,,,,,,2,,,,,,,,,,1,,,,,,,,,,,,,,,,,,,,,,,,,,
Orion,,,,,,,,,,,,,,,,0,,,,,,,,,,,,,,,,,,,,,,,,,,10,,
Orpheus,,,,,,,,,,,,,,,,,,0,,,,,,,,,,,,,,,,,,,,,,,,,,
Orpicchio,,,,,,,,,,,,,,,,,,,1,,,,,,,,,,,,,,,,,,,,,,,,,
Ortega,,,,,,,,29,,,,,,,,590,,,,,,,,,,,,,,,,,,,,,,,,,,18,,
Ortrugo,,,,,,,,,,,,,,,,,,,611,,,,,,,,,,,,,,,,,,,,,,,,,
Oseleta,,,,,,,,,,,,,,,,,,,15,,,,,,,,,,,,,,,,,,,,,,,,,
Osteiner,,,,,,,,,,,,,,,,0,,,,,,,,,,,1,,,,,,,,,,,,,,,,,
Otskhanuri Sapere,,,,,,,,,,,,,,,6,,,,,,,,,,,,,,,,,,,,,,,,,,,,,
Padeiro,,,,,,,,,,,,,,,,,,,,,,,,,,,,,86,,,,,,,,,,,,,,,
Palatina,,,,,,,,,,,,,,,,,,6,,,,,,,,,,,,,,,,,,,,,,,,,,
Palava,,,,,,,,,,,,,198,,,,,,,,,,,,,,,,,,,,32,,,,,,,,,,,
Pallagrello Bianco,,,,,,,,,,,,,,,,,,,55,,,,,,,,,,,,,,,,,,,,,,,,,
Pallagrello Nero,,,,,,,,,,,,,,,,,,,169,,,,,,,,,,,,,,,,,,,,,,,,,
Palomino Fino,,115,,,,,,,,,,,,,,,,,,,,,109,,,,14,,3033,,,,,,270,18836,,,,,,,135,
Pamid,,,,,,,6792,,,,,,,,,,22,82,,,,,,,,,,,,2930,,,,,,,,,,,,,,
Pampanaro,,,,,,,,,,,,,,,,,,,5,,,,,,,,,,,,,,,,,,,,,,,,,
Pampanuto,,,,,,,,,,,,,,,,,,,356,,,,,,,,,,,,,,,,,,,,,,,,,
Pannon Frankos,,,,,,,,,,,,,,,,,,16,,,,,,,,,,,,,,,,,,,,,,,,,,
Panse Valenciano,,,,,,,,,,,,,,,,,,,,,,,,,,,,,,,,,,,,1,,,,,,,,
Paolina,,,,,,,,,,,,,,,,,,,1,,,,,,,,,,,,,,,,,,,,,,,,,
Papazkarasi,,,,,,,,,,,,,,,,,,,,,,,,,,,,,,,,,,,,,,,,175,,,,
Pardillo,,,,,,,,,,,,,,,,,,,,,,,,,,,,,,,,,,,,4364,,,,,,,,
Parellada,,,,,,,,,,,,,,,,,,,,,,,,,,,,,,,,,,,,8847,,,,,,,,
Parraleta,,,,,,,,,,,,,,,,,,,119,,,,,,,,,,171,,,,,,,56,,,,,,,,
Parreira Matias,,,,,,,,,,,,,,,,,,,,,,,,,,,,,1,,,,,,,,,,,,,,,
Pascale,,,,,,,,,,,,,,,,,,,375,,,,,,,,,,,,,,,,,,,,,,,,,
Passau,,,,,,,,,,,,,,,,,,,5,,,,,,,,,,,,,,,,,,,,,,,,,
Passerina,,,,,,,,,,,,,,,,,,,894,,,,,,,,,,,,,,,,,,,,,,,,,
Patagonia,,24,,,,,,,,,,,,,,,,,,,,,,,,,,,,,,,,,,,,,,,,,,
Patorra,,,,,,,,,,,,,,,,,,,,,,,,,,,,,10,,,,,,,,,,,,,,,
Patria,,,,,,,,,,,,,,,,,,3,,,,,,,,,,,,,,,,,,,,,,,,,,
Patricia,,,,,,1,,,,,,,,,,,,,,,,,,,,,,,,,,,,,,,,,,,,,,
Pavana,,,,,,,,,,,,,,,,,,,32,,,,,,,,,,,,,,,,,,,,,,,,,
Pe Comprido,,,,,,,,,,,,,,,,,,,,,,,,,,,,,1,,,,,,,,,,,,,,,
Pecorello,,,,,,,,,,,,,,,,,,,34,,,,,,,,,,,,,,,,,,,,,,,,,
Pecorino,,,,,,,,,,,,,,,,,,,1114,,,,,,,,,114,,,,,,,,,,,,,,,,
Pecsi Szagos,,,,,,,,,,,,,,,,,,1,,,,,,,,,,,,,,,,,,,,,,,,,,
Pedral,,,,,,,,,,,,,,,,,,,,,,,,,,,,,4,,,,,,,147,,,,,,,,
Pedro Gimenez,,12132,,,,,,,118,,,,,,,,,,,,,,,,,,,,,,,,,,,,,,,,,,,
Pedro Ximenez,,8,,,,,,,,,,,,,,,,,,,,,,,,,,1,197,,,,,,,9036,,,,,,,,1
Pelaverga,,,,,,,,,,,,,,,,,,,55,,,,,,,,,,,,,,,,,,,,,,,,,
Pelaverga Piccolo,,,,,,,,,,,,,,,,,,,6,,,,,,,,,,,,,,,,,,,,,,,,,
Pelso,,,,,,,,,,,,,,,,,,1,,,,,,,,,,,,,,,,,,,,,,,,,,
Pepella,,,,,,,,,,,,,,,,,,,3,,,,,,,,,,,,,,,,,,,,,,,,,
Perera,,,,,,,,,,,,,,,,,,,4,,,,,,,,,,,,,,,,,,,,,,,,,
Perigo,,,,,,,,,,,,,,,,,,,,,,,,,,,,,4,,,,,,,,,,,,,,,
Perla Dei Vivi,,,,,,,,,,,,,,,,,,,1,,,,,,,,,,,,,,,,,,,,,,,,,
Perle,,,,,,,,,,,,,,,,20,,,,,,,,,,,,,,,,,,,,,,,,,,1,,
Perlette,,,,,,,,,,,,,,,,,,,,,,,,,,,,1,,,,,,,,,,,,,,,,
Perlita,,,,,,,,,,,,,,,,,,,,,,,,,,,,,,,,,,,,1,,,,,,,,
Perricone,,,,,,,,,,,,,,,,,,,228,,,,,,,,,,,,,,,,,,,,,,,,,
Perruno,,,,,,,,,,,,,,,,,,,,,,,,,,,,,,,,,,,,1509,,,,,,,,
Persan,,,,,,,,,,,,,,,,,,,3,,,,,,,,,,,,,,,,,,,,,,,,,
Pervenets Magaracha,,,,,,,,,,,,,,,,,,,,,,,,,,,,,,,2238,,,,,,,,,,643,,,
Pervomaisky,,,,,,,,,,,,,,,,,,,,,,,,64,,,,,,,,,,,,,,,,,,,,
Petit Bouschet,,,,,,,,,,,,,,,,,,,,,,,,,,,,,15,,,,,,,,,,,,,,,
Petit Courbu,,,,,,,,,,,,,,,,,,,,,,,,,,,,,,,,,,,,36,,,,,,,,
Petit Manseng,,7,,,,,,,,,,,,1280,,,,,21,,,,,,,,,,,,,,,,,,,,,,,,20,
Petit Rouge,,,,,,,,,,,,,,,,,,,84,,,,,,,,,,,,,,,,,,,,,,,,,
Petit Verdot,,501,,1223,,8,,27,576,,,,,862,,,,4,659,,,,,,,2,5,,132,,,,,,648,1661,,,,10,,,853,32
Pexem,,,,,,,,,,,,,,,,,,,,,,,,,,,,,3,,,,,,,,,,,,,,,
Phoenix,,,,,,,,,,,,,,,,30,,,,,,,,,,,,,,,,,,,,,,,,,,21,,
Picapoll Blanco,,,,,,,,,,,,,,,,,,,,,,,,,,,,,,,,,,,,37,,,,,,,,
Piccola Nera,,,,,,,,,,,,,,,,,,,17,,,,,,,,,,,,,,,,,,,,,,,,,
Picolit,,,,,,,,,,,,,,,,,,,128,,,,,,,,,,,,,,,,,,,,,,,,,
Piculit Neri,,,,,,,,,,,,,,,,,,,22,,,,,,,,,,,,,,,,,,,,,,,,,
Piedirosso,,,,,,,,,,,,,,,,,,,699,,,,,,,,,,,,,,,,,,,,,,,,,
Pignola Valtellinese,,,,,,,,,,,,,,,,,,,49,,,,,,,,,,,,,,,,,,,,,,,,,
Pignoletto,,,,,,,,,,,,,,,,,,,1707,,,,,,,,,,,,,,,,,,,,,,,,,
Pignolo,,,,,,,,,,,,,,,,,,,93,,,,,,,,,,,,,,,,,,,,,,,,,
Pineau d'Aunis,,,,,,,,,,,,,,435,,,,,,,,,,,,,,,,,,,,,,,,,,,,,,
Pinella,,,,,,,,,,,,,,,,,,,72,,,,,,,,,,,,,,,,,,,,,,,,,
Pinot Blanc,,6,,,1914,1,,125,,2,188,,732,1292,219,3870,,237,3086,,,162,,350,,,16,,22,,695,,523,525,14,,105,,,,338,23,269,9
Pinot Gris,,297,,3296,215,7,,549,100,2,219,,706,2617,,4450,,1624,17281,,,146,,2042,,,1501,,5,1301,78,,211,501,261,,216,,,,685,9,5231,12
Pinot Meunier,,12,,,,,,5,,,,,,11088,,,,,14,,,,,,,,19,,,,,,,,13,1,,,,,,50,66,
Pinot Noir,1510,1802,,4690,646,145,,640,2884,40,180,,688,29738,,,,1091,5046,64,180,3,,6521,,7,4776,1,148,1089,533,,,,962,1044,4402,1,,3,767,233,16776,55
Pinot Noir Precoce,,,,,,,,,,,,,,,,190,,,,,,,,,,,,,,,,,,,,,,,,,,19,,
Pinotage,,,,,,75,,6,,,,,,,,,,,,,,,,,,,74,,,,,,,,6240,,,,,,,,9,
Pintes,,,,,,,,,,,,,,,,,,3,,,,,,,,,,,,,,,,,,,,,,,,,,
Pintosa,,,,,,,,,,,,,,,,,,,,,,,,,,,,,2,,,,,,,,,,,,,,,
Piquepoul Blanc,,,,,,,,,,,,,,1455,,,,,,,,,,,,,,,,,,,,,,,,,,,,,,
Piquepoul Noir,,,,,,,,,,,,,,,,,,,,,,,,,,,,,6,,,,,,,4,,,,,,,,
Planta Mula,,,,,,,,,,,,,,,,,,,,,,,,,,,,,,,,,,,,24,,,,,,,,
Planta Nova,,,,,,,,,,,,,,,,,,,,,,,,,,,,,29,,,,,,,1366,,,,,,,,
Plantet,,,,,,,,,,,,,,1105,,,,,,,,,,,,,,,,,,,,,,,,,,,,,,
Plassa,,,,,,,,,,,,,,,,,,,91,,,,,,,,,,,,,,,,,,,,,,,,,
Plavac Mali,,,,,,,,,,,1569,,,,,,,,,,,,,,,,,,,,,,,,,,,,,,,,,
Plavay,,,,,,,,,,,,,,,,,,,,,,,,,,,,,,,,,,60,,,,,,,,,,
Plavec Zuti,,,,,,,,,,,13,,,,,,,,,,,,,,,,,,,,,,,,,,,,,,,,,
Plavina,,,,,,,,,,,643,,,,,,,,,,,,,,,,,,,,,,,,,,,,,,,,,
Podarok Magaracha,,,,,,,,,,,,,,,,,,,,,,,,,,,,,,,292,,,,,,,,,,212,,,
Poeloeske Muskotaly,,,,,,,,,,,,,,,,,,103,,,,,,,,,,,,,,,,,,,,,,,,,,
Pollera Nera,,,,,,,,,,,,,,,,,,,54,,,,,,,,,,,,,,,,,,,,,,,,,
Portan,,,,,,,,,,,,,,311,,,,,,,,,,,,,,,,,,,,,,,,,,,,,,
Portland,,,,,,,,,,,,,,,,,,,,12,,,,,,,,,,,,,,,,,,,,,,,,
Posip Bijeli,,,,,,,,,,,253,,,,,,,,,,,,,,,,,,,,,,,,,,,,,,,,,
Poulsard,,,,,,,,,,,,,,311,,,,,,,,,,,,,,,,,,,,,,,,,,,,,,
Pozsonyi,,,,,,,,,,,,,,,,,,10,,,,,,,,,,,,,,,,,,,,,,,,,,
Praca,,,,,,,,,,,,,,,,,,,,,,,,,,,,,166,,,,,,,,,,,,,,,
Prairie Star,,,,,,,,,,,,,,,,,,,,,,,,,,,,,,,,,,,,,,,,,,,21,
Prensal,,,,,,,,,,,,,,,,,,,,,,,,,,,,,,,,,,,,105,,,,,,,,
Preto Cardana,,,,,,,,,,,,,,,,,,,,,,,,,,,,,5,,,,,,,,,,,,,,,
Preto Martinho,,,,,,,,,,,,,,,,,,,,,,,,,,,,,163,,,,,,,,,,,,,,,
Prie,,,,,,,,,,,,,,,,,,,33,,,,,,,,,,,,,,,,,,,,,,,,,
Prieto Picudo,,,,,,,,,,,,,,,,,,,,,,,,,,,,,,,,,,,,4587,,,,,,,,
Primavera,,,,,,,,,,,,,,,,,,,,,,,,,,,,,40,,,,,,,,,,,,,,,
Primetta,,,,,,,,,,,,,,,,,,,24,,,,,,,,,,,,,,,,,,,,,,,,,
Prokupac,,,,,,,,,,,,,,,,,,,,,,,,,,,,,,,,15180,,,,,,,,,,,,
Promissao,,,,,,,,,,,,,,,,,,,,,,,,,,,,,6,,,,,,,,,,,,,,,
Prosecco,,10,,,,173,,,,,,,,,,,,,18255,,,,,,,,,,,,,,,,,,,,,,,,,
Prosecco Lungo,,,,,,,,,,,,,,,,,,,1367,,,,,,,,,,,,,,,,,,,,,,,,,
Prunesta,,,,,,,,,,,,,,,,,,,36,,,,,,,,,,,,,,,,,,,,,,,,,
Pugnitello,,,,,,,,,,,,,,,,,,,28,,,,,,,,,,,,,,,,,,,,,,,,,
Quagliano,,,,,,,,,,,,,,,,,,,9,,,,,,,,,,,,,,,,,,,,,,,,,
Quebranta,,,,,,,,,,,,,,,,,,,,,,,,,,,,330,,,,,,,,15,,,,,,,,
Rabigato,,,,,,,,,,,,,,,,,,,,,,,,,,,,,1273,,,,,,,,,,,,,,,
Rabigato Moreno,,,,,,,,,,,,,,,,,,,,,,,,,,,,,1,,,,,,,,,,,,,,,
Rabo de Anho,,,,,,,,,,,,,,,,,,,,,,,,,,,,,99,,,,,,,,,,,,,,,
Rabo de Lobo,,,,,,,,,,,,,,,,,,,,,,,,,,,,,3,,,,,,,,,,,,,,,
Rabo de Ovelha,,,,,,,,,,,,,,,,,,,,,,,,,,,,,908,,,,,,,,,,,,,,,
Raboso Piave,,43,,,,,,,,,,,,,,,,,728,,,,,,,,,,,,,,,,,,,,,,,,,
Raboso Veronese,,,,,,,,,,,,,,,,,,,277,,,,,,,,,,,,,,,,,,,,,,,,,
Ramisco,,,,,,,,,,,,,,,,,,,,,,,,,,,,,34,,,,,,,,,,,,,,,
Ranfol,,,,,,,,,,,134,,,,,,,,,,,,,,,,,,,,,,,,,,,,,,,,,
Ranna Melnishka Loza,,,,,,,249,,,,,,,,,,,,,,,,,,,,,,,,,,,,,,,,,,,,,
Rathay,,,,,9,,,,,,,,,,,,,,,,,,,,,,,,,,,,,,,,,,,,,,,
Ratinho,,,,,,,,,,,,,,,,,,,,,,,,,,,,,84,,,,,,,,,,,,,,,
Rauschling,,,,,,,,,,,,,,,,,,,,,,,,,,,,,,,,,,,,,23,,,,,,,
Rebo,,,,,,1,,,,,,,,,,,,,119,,,,,,,,,,,,,,,,,,,,,,,,,
Recantina,,,,,,,,,,,,,,,,,,,9,,,,,,,,,,,,,,,,,,,,,,,,,
Red Globe,,,,,,,,,,,,,,,,,,,,,,,,,,,,240,,,,,,,,,,,,,,,,
Red Semillon,,,,,,,,,,,,,,,,,,,,,,,,,,,,,,,,,,,10,,,,,,,,,
Refosco,,,,,,1,,,,,122,,,,,,5,,,,,,,,,,,,,,,,,1292,,,,,,,,,,
Refosco dal Peduncolo Rosso,,,,,,,,,,,,,,,,,,,1076,,,,,,,,,,,,,,,,,,,,,,,,,
Refosco di Faedis,,,,,,,,,,,,,,,,,,,217,,,,,,,,,,,,,,,,,,,,,,,,,
Refren,,,,,,,,,,,,,,,,,,0,,,,,,,,,,,,,,,,,,,,,,,,,,
Regent,,,,,,,,,,,,,,,,,,3,7,,,,,,,,,,,,,,,,,,41,,,,,19,,
Regina,,,,,,,,,,,,,,,,,,,321,,,,,,,,,,,,,,,,,,,,,,,,,
Regner,,,,,,,,,,,,,,,,40,,,,,,,,,,,,,,,,,,,,,,,,,,4,,
Reichensteiner,,,,,,,,5,,,,,,,,80,,,,,,,,,,,72,,,,,,,,,,,,,,,71,,
Reliance,,,,,,,,,,,,,,,,,,,,,,,,,,,,,,,,,,,,,,,,,,,4,
Retagliado Bianco,,,,,,,,,,,,,,,,,,,28,,,,,,,,,,,,,,,,,,,,,,,,,
Ribolla Gialla,,,,,,,,,,,,,,,,,,,435,,,,,,,,,,,,,,,743,,,,,,,,,,
Rieslaner,,,,,,,,,,,,,,,,60,,,,,,,,,,,,,,,,,,,,,,,,,,,,
Rieslina,,127,,,,,,,,,,,,,,,,,,,,,,,,,,,,,,,,,,,,,,,,,,
Riesling,,89,,4114,1852,9,,871,367,437,676,,1181,3490,,22520,2,1304,446,11,111,121,,1343,,,979,0,18,,882,,605,676,211,161,12,,,3,2702,1,4852,15
Riesus,,,,,,,,,,,,,,,,,,,,,,,,,,,,,,,115,,,,,,,,,,,,,
Rio Grande,,,,,,,,,,,,,,,,,,,,,,,,,,,,,1,,,,,,,,,,,,,,,
Ripolo,,,,,,,,,,,,,,,,,,,1,,,,,,,,,,,,,,,,,,,,,,,,,
Riton,,,,,,,,,,,,,,,,,,,,,,,,2,,,,,,,255,,,,,,,,,,,,,
Rkatsiteli,,,2469,,,,3121,,,,57,,,,25324,,,,,,3552,,,11508,,,,,,356,702,,,,,,,,,,11552,,,
Robola,,,,,,,,,,,,,,,,,465,,,,,,,,,,,,,,,,,,,,,,,,,,,
Roditis,,,,,,,,,,,,,,,,,4661,,,,,,,,,,,,,,,,,,,,,,,,,,,
Roditis(Red),,,,,,,,,,,,,,,,,3834,,,,,,,,,,,,,,,,,,,,,,,,,,,
Roesler,,,,,160,,,,,,,,,,,,,,,,,,,,,,,,,,,,,,,,,,,,,,,
Rojal Tinta,,,,,,,,,,,,,,,,,,,,,,,,,,,,,,,,,,,,1801,,,,,,,,
Rollo,,,,,,,,,,,,,,,,,,,51,,,,,,,,,,,,,,,,,,,,,,,,,
Rombola Red,,,,,,,,,,,,,,,,,6,,,,,,,,,,,,,,,,,,,,,,,,,,,
Rome,,,,,,,,,,,,,,,,,,,,,,,,,,,,,,,,,,,,297,,,,,,,,
Romeiko,,,,,,,,,,,,,,,,,1597,,,,,,,,,,,,,,,,,,,,,,,,,,,
Rondinella,,2,,,,0,,,,,,,,,,,,,2479,,,,,,,,,,,,,,,,,,,,,,,,,
Rondo,,,,,,,,,,,,,,,,,,,,,,,,,,,,,,,,,,,,,,,,,,40,,
Roobernet,,,,,,,,,,,,,,,,,,,,,,,,,,,,,,,,,,,139,,,,,,,,,
Rosa Arica,,,,,,,,,,,,,,,,,,,,,,,,,,,,1,,,,,,,,,,,,,,,,
Rosciola Rose,,,,,,,,,,,,,,,,,,,2,,,,,,,,,,,,,,,,,,,,,,,,,
Rossara Trentina,,,,,,,,,,,,,,,,,,,8,,,,,,,,,,,,,,,,,,,,,,,,,
Rossese,,,,,,,,,,,,,,,,,,,312,,,,,,,,,,,,,,,,,,,,,,,,,
Rossese Bianco,,,,,,,,,,,,,,,,,,,7,,,,,,,,,,,,,,,,,,,,,,,,,
Rossignola,,,,,,,,,,,,,,,,,,,188,,,,,,,,,,,,,,,,,,,,,,,,,
Rossola Nera,,,,,,,,,,,,,,,,,,,86,,,,,,,,,,,,,,,,,,,,,,,,,
Rotberger,,,,,,,,1,,,,,,,,,,,,,,,,,,,,,,,,,,,,,,,,,,,,
Roter Veltliner,,,,,193,,,,,,,,,,,,,5,,,,,,,,,,,,,,,,,,,,,,,,,,
Rotgipfler,,,,,105,,,,,,,,,,,,,,,,,,,,,,,,,,,,,,,,,,,,,,,
Rougeon,,,,,,,,,,,,,,,,,,,,,,,,,,,,,,,,,,,,,,,,,,,42,
Roussanne,,,,83,,,,5,6,,,,,1352,,,,,110,,,,,,,,2,,,,,,,,45,,,,,,,,140,3
Roussin,,,,,,,,,,,,,,,,,,,3,,,,,,,,,,,,,,,,,,,,,,,,,
Roviello Bianco,,,,,,,,,,,,,,,,,,,2,,,,,,,,,,,,,,,,,,,,,,,,,
Roxo de Vila Flor,,,,,,,,,,,,,,,,,,,,,,,,,,,,,0,,,,,,,,,,,,,,,
Roxo Rei,,,,,,,,,,,,,,,,,,,,,,,,,,,,,0,,,,,,,,,,,,,,,
Royal de Alloza,,,,,,,,,,,,,,,,,,,,,,,,,,,,,,,,,,,,29,,,,,,,,
Royalty,,,,,,,,,,,,,,,,,,,,,,,,,,,,,,,,,,,,,,,,,,,97,
Rozala Bianca,,,,,,,,,,,,,,,,,,2,,,,,,,,,,,,,,,,,,,,,,,,,,
Rozsakoe,,,,,,,,,,,,,,,,,,19,,,,,,,,,,,,,,,,,,,,,,,,,,
Rual,,,,,,,,,,,,,,,,,,,,,,,,,,,,,1,,,,,,,,,,,,,,,
Rubea,,,,,,81,,,,,,,,,,,,,,,,,,,,,,,,,,,,,,,,,,,,,,
Rubin Golodrigi,,,,,,,,,,,,,,,,,,,,,,,,,,,,,,,82,,,,,,,,,,,,,
Rubin Tairovsky,,,,,,,,,,,,,,,,,,,,,,,,2,,,,,,,,,,,,,,,,,,,,
Rubinovy Magaracha,,,,,,,,,,,,,,,,,,,,,0,,,,,,,,,,,,,,,,,,,,,,,
Rubintos,,,,,,,,,,,,,,,,,,18,,,,,,,,,,,,,,,,,,,,,,,,,,
Rubired,,,,,,,,,,,,,,,,,,,,,,,,,,,,,,,,,,,,,,,,,,,4556,
Ruby,,,,,,,,,,,,,,,,,,,,,9,,,,,,,,,,,,,,,,,,,,,,,
Ruby Cabernet,,6,,962,,42,,,,40,,,,,,,,,,,,,,,,,,,,,,,,,2220,29,,,,,,,2431,2
Ruche,,,,,,,,,,,,,,,,,,,100,,,,,,,,,,,,,,,,,,,,,,,,,
Rufete,,,,,,,,,,,,,,,,,,,,,,,,,,,,,4183,,,,,,,650,,,,,,,,
Ruggine,,,,,,,,,,,,,,,,,,,1,,,,,,,,,,,,,,,,,,,,,,,,,
S. Mamede,,,,,,,,,,,,,,,,,,,,,,,,,,,,,1,,,,,,,,,,,,,,,
S.V. 23-512,,,,,,,,29,,,,,,,,,,,,,,,,,,,,,,,,,,,,,,,,,,,,
Sabrevois,,,,,,,,,,,,,,,,,,,,,,,,,,,,,,,,,,,,,,,,,,,10,
Sagrantino,,,,,,,,,,,,,,,,,,1,994,,,,,,,,,,,,,,,,,,,,,,,,,
Saint Jeannet,,44,,,,,,,,,,,,,,,,,,,,,,,,,,,,,,,,,,,,,,,,,,
Salvador,,,,,,,,,,,,,,,,,,,,,,,350,,,,,,,,,,,,,1,,,,,,,43,
Samarrinho,,,,,,,,,,,,,,,,,,,,,,,,,,,,,1,,,,,,,,,,,,,,,
San Giuseppe Nero,,,,,,,,,,,,,,,,,,,192,,,,,,,,,,,,,,,,,,,,,,,,,
San Lunardo,,,,,,,,,,,,,,,,,,,10,,,,,,,,,,,,,,,,,,,,,,,,,
San Martino,,,,,,,,,,,,,,,,,,,21,,,,,,,,,,,,,,,,,,,,,,,,,
San Michele,,,,,,,,,,,,,,,,,,,57,,,,,,,,,,,,,,,,,,,,,,,,,
Sanforte,,,,,,,,,,,,,,,,,,,1,,,,,,,,,,,,,,,,,,,,,,,,,
Sangiovese,,2011,,589,,26,,3,100,,,,,1589,,,,1,71619,,,,,,,,6,,,,,,,,61,,,2,842,9,,,852,
Sankt Laurent,,,,,775,,,0,,,,,1291,,,,,1,,,,,,,,,,,,,,,939,,,,,,,,,,,
Santa Maria,,,,,,,,,,,,,,,,,,,3,,,,,,,,,,,,,,,,,,,,,,,,,
Santarena,,,,,,,,,,,,,,,,,,,,,,,,,,,,,739,,,,,,,,,,,,,,,
Santoal,,,,,,,,,,,,,,,,,,,,,,,,,,,,,9,,,,,,,,,,,,,,,
Sao Saul,,,,,,,,,,,,,,,,,,,,,,,,,,,,,1,,,,,,,,,,,,,,,
Saperavi,,,,,,,,,,,,,,,4751,,,,,,428,,,716,,,,,,,716,,,,,,,,,,1514,,,
Saperavi Severny,,,,,,,,,,,,,,,,,,,,,,,,25,,,,,,,325,,,,,,,,,,,,,
Sauvignon Blanc,,2296,,6467,845,45,,320,12159,1,249,,804,26839,,460,256,907,3744,,,,120,8151,,22,16205,,171,4157,951,,208,1061,9551,4011,134,,,146,3123,3,6584,147
Sauvignon Gris,,6,,,,0,,,,,,,,463,,,,,,,,,,,,,,,,,,,,,,,5,,,,,,,8
Sauvignonasse,,515,,,,,,,785,,,,,,,,,,2911,,,,,,,,,,,,,,,190,,,,,,,,,47,
Savagnin Blanc,,20,,94,,,,1,,,18,,,481,,,,772,,,,,,,,,,,,,214,,,215,,,83,,,,,,,
Savatiano,,,,,,,,,,,,,,,,,9920,,,,,,,,,,,,,,,,,,,,,,,,,,,
Scheurebe,,,,,376,,,,,,,,,,,1600,,0,,,,,,,,,1,,,,,,,,,,5,,,,,2,,
Schiava,,,,,,,,,,,,,,,,,,,517,,,,,,,,,,,,,,,,,,,,,,,,,
Schiava Gentile,,,,,,,,,,,,,,,,,,,694,,,,,,,,,,,,,,,,,,,,,,,,,
Schiava Grigia,,,,,,,,,,,,,,,,,,,66,,,,,,,,,,,,,,,,,,,,,,,,,
Schiava Grossa,,,,,,,,,,,,,,,,,,,580,,,,,,,,,,,,,,,,,,,,,,,,,
Schioppettino,,,,,,,,,,,,,,,,,,,154,,,,,,,,,,,,,,,,,,,,,,,,,
Schonburger,,,,,,1,,11,,,,,,,,10,,,,,,,,,,,,,,,,,,,,,,,,,,37,,
Sciaglin,,,,,,,,,,,,,,,,,,,6,,,,,,,,,,,,,,,,,,,,,,,,,
Sciascinoso,,,,,,,,,,,,,,,,,,,94,,,,,,,,,,,,,,,,,,,,,,,,,
Scimiscia,,,,,,,,,,,,,,,,,,,5,,,,,,,,,,,,,,,,,,,,,,,,,
Seara Nova,,,,,,,,,,,,,,,,,,,,,,,,,,,,,681,,,,,,,,,,,,,,,
Seibel,,,,,,581,,,,,,,,,,,,,,,,,,,,,10,,,,,,,,,,,,,,,,,
Semidano,,,,,,,,,,,,,,,,,,,36,,,,,,,,,,,,,,,,,,,,,,,,,
Semillon,,855,,6112,,24,,19,846,1,,,,11693,,,8,58,31,,,,,,,,201,,89,,25,,,,1182,,5,,,547,,,436,24
Sennen,,,,,,,,,,,,,,,,,,,10,,,,,,,,,,,,,,,,,,,,,,,,,
Serbina,,,,,,,,,,,,,,,,,,,6,,,,,,,,,,,,,,,,,,,,,,,,,
Sercial,,,,,,,,,,,,,,,,,,,,,,,,,,,,,106,,,,,,,,,,,,,,,
Sercialinho,,,,,,,,,,,,,,,,,,,,,,,,,,,,,9,,,,,,,,,,,,,,,
Serna,,10,,,,,,,,,,,,,,,,,,,,,,,,,,,,,,,,,,,,,,,,,,
Servant,,,,,,,,,,,,,,,,,,,,,,,,,,,,,,,,,,,54,,,,,,,,,
Sevilhao,,,,,,,,,,,,,,,,,,,,,,,,,,,,,14,,,,,,,,,,,,,,,
Seyval Blanc,,,,,,,,112,,,,,,,,,,,,,,,,,,,,,,,,,,,,,8,,,,,85,259,
Sgavetta,,,,,,,,,,,,,,,,,,,47,,,,,,,,,,,,,,,,,,,,,,,,,
Shiroka Melnishka,,,,,,,1580,,,,,,,,,,,,,,,,,,,,,,,,,,,,,,,,,,,,,
Siegerrebe,,,,,,,,18,,,,,,,,90,,,,,,,,,,,,,,,,,,,,,,,,,,12,,
Silvaner,,3,,,42,0,,0,,,139,,122,1399,,,0,8,80,,,,,98,,,4,,,,,,117,,,,241,,,,,,,
Siria,,,,,,,,,,,,,,,,,,,,,,,,,,,,,7145,,,,,,,753,,,,,,,,
Sirio,,,,,,,,,,,,,,,,,,,14,,,,,,,,,,,,,,,,,,,,,,,,,
Skrlet,,,,,,,,,,,61,,,,,,,,,,,,,,,,,,,,,,,,,,,,,,,,,
Slankamenka,,,,,,,,,,,31,,,,,,,,,,,,,,,,,,,,,,,,,,,,,,,,,
Solaris,,,,,,,,,,,,,,,,,,,,,,,,,,,,,,,,,,,,,13,,,,,7,,
Soperga,,,,,,,,,,,,,,,,,,,22,,,,,,,,,,,,,,,,,,,,,,,,,
Sovereign Opal,,,,,,,,3,,,,,,,,,,,,,,,,,,,,,,,,,,,,,,,,,,,,
Spergola,,,,,,,,,,,,,,,,,,,110,,,,,,,,,,,,,,,,,,,,,,,,,
St Croix,,,,,,,,,,,,,,,,,,,,,,,,,,,,,,,,,,,,,,,,,,,25,
St Pepin,,,,,,,,,,,,,,,,,,,,,,,,,,,,,,,,,,,,,,,,,,,19,
St Vincent,,,,,,,,,,,,,,,,,,,,,,,,,,,,,,,,,,,,,,,,,,,23,
Stavroto,,,,,,,,,,,,,,,,,11,,,,,,,,,,,,,,,,,,,,,,,,,,,
Stepnyak,,,,,,,,,,,,,,,,,,,,,,,,,,,,,,,144,,,,,,,,,,,,,
Steuben,,,,,,,,,,,,,,,,,,,,,,,,,,,,,,,,,,,,,,,,,,,39,
Storgozia,,,,,,,295,,,,,,,,,,,,,,,,,,,,,,,,,,,,,,,,,,,,,
Sugra Five,,,,,,,,,,,,,,,,,,,,,,,,,,,,,,,,,,,,2,,,,,,,,
Sukholimanskiy Bely,,,,,,,,,,,,,,,,,,,,,,,,599,,,,,,,80,,,,,,,,,,1477,,,
Sultaniye,,,,430,,,,,,,,371,,,,,,,,,,,841,,,,,15,,,,,,,,,,,,1750,,,,
Sumoll,,,,,,,,,,,,,,,,,,,,,,,,,,,,,,,,,,,,83,,,,,,,,
Superior Seedless,,,,,,,,,,,,,,,,,,,,,,,,,,,,9,,,,,,,,,,,,,,,,
Suscan,,,,,,,,,,,5,,,,,,,,,,,,,,,,,,,,,,,,,,,,,,,,,
Susumaniello,,,,,,,,,,,,,,,,,,,50,,,,,,,,,,,,,,,,,,,,,,,,,
Swenson Red,,,,,,,,,,,,,,,,,,,,,,,,,,,,,,,,,,,,,,,,,,,11,
Symphony,,,,,,,,,,,,,,,,,,,,,,,,,,,,,,,,,,,,,,,,,,,324,
Syrah,1510,12810,,42675,137,,,274,6027,223,187,244,,68587,,,641,177,6739,,,,145,,,27,293,2,3501,,,,,,10136,20000,181,66,337,1367,,,9197,87
Szeremi Zold,,,,,,,,,,,,,,,,,,0,,,,,,,,,,,,,,,,,,,,,,,,,,
Taltos,,,,,,,,,,,,,,,,,,1,,,,,,,,,,,,,,,,,,,,,,,,,,
Tamarez,,,,,,,,,,,,,,,,,,,,,,,,,,,,,343,,,,,,,,,,,,,,,
Tannat,,705,,,,295,,,2,,,,,2914,,,,1,55,,,,,,,,,,10,,,,,,67,,,,,,,,75,1815
Tarrango,,,,72,,,,,,,,,,,,,,,,,,,,,,,,,,,,,,,,,,,,,,,,
Tavkveri,,,,,,,,,,,,,,,37,,,,,,,,,,,,,,,,,,,,,,,,,,,,,
Tazzelenghe,,,,,,,,,,,,,,,,,,,55,,,,,,,,,,,,,,,,,,,,,,,,,
Teinturier,,,,,,,,,,,,,,,,,,,,,,,,,,,,,7,,,,,,,,,,,,,,,
Telti Kyryk,,,,,,,,,,,,,,,,,,,,,,,,,,,,,,,,,,,,,,,,,246,,,
Tempranillo,,6120,,476,,16,,6,48,,,,,766,,,19,,23,,,,229,,,3,7,,16706,,,,,,38,207677,,4,,9,,,414,
Tempranillo Blanco,,,,,,,,,,,,,,,,,,,,,,,,,,,,,,,,,,,,5,,,,,,,,
Teneron,,,,,,,,,,,,,,,,,,,,,,,,,3488,,,,,,,,,,,,,,,,,,,
Termarina Rossa,,,,,,,,,,,,,,,,,,,20,,,,,,,,,,,,,,,,,,,,,,,,,
Teroldego,,,,,,10,,,,,,,,,,,,,796,,,,,,,,,,,,,,,,,,,,,,,,32,
Terrano,,,,,,,,,,,228,,,,,,,,272,,,,,,,,,,,,,,,,,,,,,,,,,
Terrantez,,,,,,,,,,,,,,,,,,,,,,,,,,,,,12,,,,,,,,,,,,,,,
Terrantez do Pico,,,,,,,,,,,,,,,,,,,,,,,,,,,,,0,,,,,,,,,,,,,,,
Terret Blanc,,,,,,,,,,,,,,1451,,,,,,,,,,,,,,,,,,,,,,,,,,,,,,
Therona,,,,,,,,,,,,,,,,,,,,,,,,,,,,,,,,,,,99,,,,,,,,,
Thrapsathiri,,,,,,,,,,,,,,,,,31,,,,,,,,,,,,,,,,,,,,,,,,,,,
Tibouren,,,,,,,,,,,,,,445,,,,,,,,,,,,,,,,,,,,,,,,,,,,,,
Timorasso,,,,,,,,,,,,,,,,,,,129,,,,,,,,,,,,,,,,,,,,,,,,,
Tinta Aguiar,,,,,,,,,,,,,,,,,,,,,,,,,,,,,75,,,,,,,,,,,,,,,
Tinta Barroca,,,,,,1,,,1,,,,,,,,,,,,,,,,,,,,5939,,,,,,231,,,,,,,,,
Tinta Bragao,,,,,,,,,,,,,,,,,,,,,,,,,,,,,63,,,,,,,,,,,,,,,
Tinta Carvalha,,,,,,,,,,,,,,,,,,,,,,,,,,,,,1311,,,,,,,,,,,,,,,
Tinta da Barca,,,,,,,,,,,,,,,,,,,,,,,,,,,,,345,,,,,,,,,,,,,,,
Tinta da Melra,,,,,,,,,,,,,,,,,,,,,,,,,,,,,1,,,,,,,,,,,,,,,
Tinta de Alcoa,,,,,,,,,,,,,,,,,,,,,,,,,,,,,24,,,,,,,,,,,,,,,
Tinta de Cidadelhe,,,,,,,,,,,,,,,,,,,,,,,,,,,,,1,,,,,,,,,,,,,,,
Tinta de Pegoes,,,,,,,,,,,,,,,,,,,,,,,,,,,,,195,,,,,,,,,,,,,,,
Tinta de Porto Santo,,,,,,,,,,,,,,,,,,,,,,,,,,,,,2,,,,,,,,,,,,,,,
Tinta do Rodo,,,,,,,,,,,,,,,,,,,,,,,,,,,,,3,,,,,,,,,,,,,,,
Tinta Engomada,,,,,,,,,,,,,,,,,,,,,,,,,,,,,4,,,,,,,,,,,,,,,
Tinta Francisca,,,,,,,,,,,,,,,,,,,,,,,,,,,,,53,,,,,,,,,,,,,,,
Tinta Malandra,,,,,,,,,,,,,,,,,,,,,,,,,,,,,0,,,,,,,,,,,,,,,
Tinta Martins,,,,,,,,,,,,,,,,,,,,,,,,,,,,,11,,,,,,,,,,,,,,,
Tinta Mesquita,,,,,,,,,,,,,,,,,,,,,,,,,,,,,1,,,,,,,,,,,,,,,
Tinta Penajoia,,,,,,,,,,,,,,,,,,,,,,,,,,,,,53,,,,,,,,,,,,,,,
Tinta Pereira,,,,,,,,,,,,,,,,,,,,,,,,,,,,,1,,,,,,,,,,,,,,,
Tinta Pomar,,,,,,,,,,,,,,,,,,,,,,,,,,,,,30,,,,,,,,,,,,,,,
Tinta Roseira,,,,,,,,,,,,,,,,,,,,,,,,,,,,,4,,,,,,,,,,,,,,,
Tinta Valdosa,,,,,,,,,,,,,,,,,,,,,,,,,,,,,1,,,,,,,,,,,,,,,
Tinta Varejoa,,,,,,,,,,,,,,,,,,,,,,,,,,,,,1,,,,,,,,,,,,,,,
Tintem,,,,,,,,,,,,,,,,,,,,,,,,,,,,,9,,,,,,,,,,,,,,,
Tintilia Del Molise,,,,,,,,,,,,,,,,,,,111,,,,,,,,,,,,,,,,,,,,,,,,,
Tinto Basto,,,,,,,,,,,,,,,,,,,,,,,,,,,,,,,,,,,,62,,,,,,,,
Tinto Cao,,,,,,,,,,,,,,,,,,,,,,,,,,,,,369,,,,,,,,,,,,,,,
Tinto de la Pampana Blanca,,,,,,,,,,,,,,,,,,,,,,,,,,,,,,,,,,,,5145,,,,,,,,
Tinto de Zafra,,,,,,,,,,,,,,,,,,,,,,,,,,,,,,,,,,,,2,,,,,,,,
Tinto do Aurelio,,,,,,,,,,,,,,,,,,,,,,,,,,,,,0,,,,,,,,,,,,,,,
Tinto Velasco,,,,,,,,,,,,,,,,,,,,,,,,,,,,,,,,,,,,2684,,,,,,,,
Torbato,,,,,,,,,,,,,,,,,,,19,,,,,,,,,,,,,,,,,,,,,,,,,
Torrontes Mendocino,,713,,,,,,,,,,,,,,,,,,,,,,,,,,,,,,,,,,,,,,,,,,
Torrontes Riojano,,7683,,,,,,,425,,,,,,,,,,,,,,,,,,,8,,,,,,,,,,,,,,,,
Torrontes Sanjuanino,,2048,,,,,,,4,,,,,,,,,,,,,,,,,,,,,,,,,,,,,,,,,,,
Tortosina,,,,,,,,,,,,,,,,,,,,,,,,,,,,,,,,,,,,503,,,,,,,,
Touriga Branca,,,,,,,,,,,,,,,,,,,,,,,,,,,,,36,,,,,,,,,,,,,,,
Touriga Femea,,,,,,,,,,,,,,,,,,,,,,,,,,,,,15,,,,,,,,,,,,,,,
Touriga Franca,,0,,,,,,,,,,,,,,,,,,,,,,,,,,,11582,,,,,,3,,,,,,,,,
Touriga Nacional,,14,,48,,12,,,0,,,,,,,,,,,,,,,,,,,,10175,,,,,,101,,,,,,,,85,
Trajadura,,,,,,,,,,,,,,,,,,,,,,,,,,,,,1171,,,,,,,998,,,,,,,,
Traminette,,,,,,,,,,,,,,,,,,,,,,,,,,,,,,,,,,,,,,,,,,,240,
Trbljan,,,,,,,,,,,231,,,,,,,,,,,,,,,,,,,,,,,,,,,,,,,,,
Trebbianina,,,,,,,,,,,,,,,,,,,128,,,,,,,,,,,,,,,,,,,,,,,,,
Trebbiano,,,,86,,149,,2,,,,,,,,,,,,,,,,,,,,,,,,,,,,,,,,,,,,11
Trebbiano d'Abruzzo,,,,,,,,,,,,,,,,,,,5091,,,,,,,,,,,,,,,,,,,,,,,,,
Trebbiano Giallo,,,,,,,,,,,,,,,,,,,10609,,,,,,,,,,,,,,,,,,,,,,,,,
Trebbiano Modenese,,,,,,,,,,,,,,,,,,,363,,,,,,,,,,,,,,,,,,,,,,,,,
Trebbiano Romagnolo,,,,,,,,,,,,,,,,,,,15893,,,,,,,,,,,,,,,,,,,,,,,,,
Trebbiano Spoletino,,,,,,,,,,,,,,,,,,,200,,,,,,,,,,,,,,,,,,,,,,,,,
Trebbiano Toscano,,1922,,,,,723,,,,210,,,83892,,,297,,21501,,,,,,,,,,212,,66,,,,74,45,,,,,,,80,751
Trepat,,,,,,,,,,,,,,,,,,,,,,,,,,,,,,,,,,,,1358,,,,,,,,
Trevisana Nera,,,,,,,,,,,,,,,,,,,15,,,,,,,,,,,,,,,,,,,,,,,,,
Tribidrag,,0,,149,,0,,8,58,,65,,,,,,,,12234,,,,,,,,4,,,,,,,,34,,,,337,,,,19857,
Trilla,,,,,,,,,,,,,,,,,,1,,,,,,,,,,,,,,,,,,,,,,,,,,
Trincadeira,,0,,,,,,,,,,,,,,,,,,,,,,,,,,,9246,,,,,,24,,,,,,,,,
Trincadeira das Pratas,,,,,,,,,,,,,,,,,,,,,,,,,,,,,239,,,,,,,,,,,,,,,
Trincadeiro Branco,,,,,,,,,,,,,,,,,,,,,,,,,,,,,59,,,,,,,,,,,,,,,
Triomphe,,,,,,,,,,,,,,,,,,,,,,,,,,,,,,,,,,,,,,,,,,15,,
Triplett Blanc,,,,,,,,,,,,,,,,,,,,,,,,,,,,,,,,,,,,,,,,,,,244,
Triunfo,,,,,,,,,,,,,,,,,,,,,,,,,,,,,2,,,,,,,,,,,,,,,
Trnjak,,,,,,,,,,,15,,,,,,,,,,,,,,,,,,,,,,,,,,,,,,,,,
Trobat,,,,,,,,,,,,,,,,,,,,,,,,,,,,,,,,,,,,1,,,,,,,,
Tronto,,,,,,,,,,,,,,,,,,,2,,,,,,,,,,,,,,,,,,,,,,,,,
Trousseau,,36,,,,,,,,,,,,172,,,,,,,,,,,,,,,3149,,,,,,,75,,,,,,,,
Tsimlyansky Cherny,,,,,,,,,,,,,,,,,,,,,,,,,,,,,,,451,,,,,,,,,,,,,
Tsitska,,,,,,,,,,,,,,,3642,,,,,,,,,,,,,,,,,,,,,,,,,,,,,
Tsolikouri,,,,,,,,,,,,,,,7903,,,,,,,,,,,,,,,,,,,,,,,,,,,,,
Tsulukidzis Tetra,,,,,,,,,,,,,,,195,,,,,,,,,,,,,,,,,,,,,,,,,,,,,
Tsvetochny (Floral),,,,,,,,,,,,,,,,,,,,,,,,,,,,,,,89,,,,,,,,,,,,,
Tsvetochny (Flowery),,,,,,,,,,,,,,,,,,,,,,,,,,,,,,,80,,,,,,,,,,,,,
Turan,,,,,,,,2,,,,,,,,,,175,,,,,,,,,,,,,,,,,,,,,,,,,,
Turchetta,,,,,,,,,,,,,,,,,,,3,,,,,,,,,,,,,,,,,,,,,,,,,
Ucelut,,,,,,,,,,,,,,,,,,,10,,,,,,,,,,,,,,,,,,,,,,,,,
Uni Blan,,,,,,,,,,,,,,,,,1,,,,,,,,,,,,,,,,,,,,,,,,,,,
Urreti,,,,,,,,,,,,,,,,,,0,,,,,,,,,,,,,,,,,,,,,,,,,,
Usakhelouri,,,,,,,,,,,,,,,10,,,,,,,,,,,,,,,,,,,,,,,,,,,,,
Uva Cao,,,,,,,,,,,,,,,,,,,,,,,,,,,,,1,,,,,,,,,,,,,,,
Uva del Fantini,,,,,,,,,,,,,,,,,,,0,,,,,,,,,,,,,,,,,,,,,,,,,
Uva del Tunde,,,,,,,,,,,,,,,,,,,2,,,,,,,,,,,,,,,,,,,,,,,,,
Uva Longanesi,,,,,,,,,,,,,,,,,,,512,,,,,,,,,,,,,,,,,,,,,,,,,
Uva Rara,,,,,,,,,,,,,,,,,,,460,,,,,,,,,,,,,,,,,,,,,,,,,
Uva Tosca,,,,,,,,,,,,,,,,,,,71,,,,,,,,,,,,,,,,,,,,,,,,,
Uvalino,,,,,,,,,,,,,,,,,,,1,,,,,,,,,,,,,,,,,,,,,,,,,
Valbom,,,,,,,,,,,,,,,,,,,,,,,,,,,,,166,,,,,,,,,,,,,,,
Valdiguie,,,,,,4,,,,,,,,,,,,,,,,,,,,,,,,,,,,,,,,,,,,,134,
Valenci Tinto,,,,,,,,,,,,,,,,,,,,,,,,,,,,,,,,,,,,27,,,,,,,,
Valentino Nero,,,,,,,,,,,,,,,,,,,21,,,,,,,,,,,,,,,,,,,,,,,,,
Valiant,,,,,,,,,,,,,,,,,,,,,,,,,,,,,,,,,,,,,,,,,,,11,
Valveirinha,,,,,,,,,,,,,,,,,,,,,,,,,,,,,0,,,,,,,,,,,,,,,
Valvin Muscat,,,,,,,,,,,,,,,,,,,,,,,,,,,,,,,,,,,,,,,,,,,6,
Vasilaki,,,,,,,,,,,,,,,,,,,,,,,,,,,,,,,,,,,,,,,,4,,,,
Vega,,,,,,,,,,,,,,,,,,,35,,,,,,,,,,,,,,,,,,,,,,,,,
Ventura,,,,,,,,,,,,,,,,,,,,,,,,,,,,,,,,,,,,,,,,,,,24,
Venus,,,,,,1,,,,,,,,,,,,,,,,,,,,,,,,,,,,,,,,,,,,,,
Verdea,,,,,,,,,,,,,,,,,,,83,,,,,,,,,,,,,,,,,,,,,,,,,
Verdealbara,,,,,,,,,,,,,,,,,,,0,,,,,,,,,,,,,,,,,,,,,,,,,
Verdeca,,,,,,,,,,,,,,,,,0,,795,,,,,,,,,,,,,,,,,,,,,,,,,
Verdejo,,,,,,,,,,,,,,,,,,,,,,,,,,,,,,,,,,,,16578,,,,,,,,
Verdelet,,,,,,,,1,,,,,,,,,,,,,,,,,,,,,,,,,,,,,,,,,,,,
Verdelho,,16,,1535,,1,,,,,,,,,,,,,,,,,,,,,5,,397,,,,,,25,,,,,,,,26,
Verdelho Roxo,,,,,,,,,,,,,,,,,,,,,,,,,,,,,4,,,,,,,,,,,,,,,
Verdelho Tinto,,,,,,,,,,,,,,,,,,,,,,,,,,,,,28,,,,,,,,,,,,,,,
Verdello,,,,,,,,,,,,,,,,,,,287,,,,,,,,,,,,,,,,,,,,,,,,,
Verdesse,,,,,,,,,,,,,,,,,,,7,,,,,,,,,,,,,,,,,,,,,,,,,
Verdial,,,,,,,,,,,,,,,,,,,,,,,,,,,,,1,,,,,,,,,,,,,,,
Verdial Tinto,,,,,,,,,,,,,,,,,,,,,,,,,,,,,3,,,,,,,,,,,,,,,
Verdicchio Bianco,,2,,,,4,,,,,,,,,,,,,3526,,,,,,,,,,,,,,,,,,,,,,,,,
Verdil,,,,,,,,,,,,,,,,,,,,,,,,,,,,,,,,,,,,57,,,,,,,,
Verdiso,,,,,,,,,,,,,,,,,,,68,,,,,,,,,,,,,,,,,,,,,,,,,
Verdoncho,,,,,,,,,,,,,,,,,,,,,,,,,,,,,,,,,,,,2124,,,,,,,,
Verduschia,,,,,,,,,,,,,,,,,,,11,,,,,,,,,,,,,,,,,,,,,,,,,
Verduzzo Friulano,,5,,,,,,,,,,,,,,,,,808,,,,,,,,,,,,,,,,,,,,,,,,,
Verduzzo Trevigiano,,,,,,,,,,,,,,,,,,,708,,,,,,,,,,,,,,,,,,,,,,,,,
Vermentino,,2,,,,0,,,,,,,,3569,,,,,5046,,,,,,,,,,,,,,,,,,,,,,,,,
Vermentino Nero,,,,,,,,,,,,,,,,,,,210,,,,,,,,,,,,,,,,,,,,,,,,,
Vernaccia di Oristano,,,,,,,,,,,,,,,,,,,272,,,,,,,,,,,,,,,,,,,,,,,,,
Vernaccia di San Gimignano,,,,,,,,,,,,,,,,,,,522,,,,,,,,,,,,,,,,,,,,,,,,,
Vertes Csillaga,,,,,,,,,,,,,,,,,,21,,,,,,,,,,,,,,,,,,,,,,,,,,
Vertzami,,,,,,,,,,,,96,,,,,239,,,,,,,,,,,,,,,,,,,,,,,,,,,
Veruccese,,,,,,,,,,,,,,,,,,,0,,,,,,,,,,,,,,,,,,,,,,,,,
Vespaiola,,,,,,,,,,,,,,,,,,,94,,,,,,,,,,,,,,,,,,,,,,,,,
Vespolina,,,,,,,,,,,,,,,,,,,134,,,,,,,,,,,,,,,,,,,,,,,,,
Victoria,,,,,,,,,,,52,,,,,,,,,,,,,,,,,,,,,,,,,,,,,,,,,
Vidal,,,,,,,,1284,,,,,,,,,,,,,,,,,,,,,,,,,,,,,,,,,,,360,
Vidvizhenets,,,,,,,,,,,,,,,,,,,,,,,,,,,,,,,271,,,,,,,,,,,,,
Vien de Nus,,,,,,,,,,,,,,,,,,,13,,,,,,,,,,,,,,,,,,,,,,,,,
Vignoles,,,,,,,,,,,,,,,,,,,,,,,,,,,,,,,,,,,,,,,,,,,254,
Vijariego,,,,,,,,,,,,,,,,,,,,,,,,,,,,,,,,,,,,285,,,,,,,,
Viktor,,,,,,,,,,,,,,,,,,0,,,,,,,,,,,,,,,,,,,,,,,,,,
Viktoria Gyongye,,,,,,,,,,,,,,,,,,190,,,,,,,,,,,,,,,,,,,,,,,,,,
Vilana,,,,,,,,,,,,,,,,,579,,,,,,,,,,,,,,,,,,,,,,,,,,,
Villard Blanc,,,,,,,,,,,,,,309,,,,192,,,,,,,,,,,,,,,,,188,,,,,,,,,
Villard Noir,,,,,,,,8,,,,,,1320,,,,,,,,,,,,,,,,,,,,,,,,,,,,,,
Vincent,,,,,,,,,,,,,,,,,,,,,,,,,,,,,,,,,,,,,,,,,,,11,
Vinhao,,,,,,,,,,,,,,,,,,,,,,,,,,,,,2482,,,,,,47,610,,,,,,,21,
Viognier,,816,,1402,,8,,83,753,,,,,4395,,,,6,1210,,,,,,,,163,,127,,,,,,892,78,31,1,,16,,,1374,45
Violeta,,,,,,98,,,,,,,,,,,,,,,,,,,,,,,,,,,,,,,,,,,,,,
Viorica,,,,,,,,,,,,,,,,,,,,,,,,40,,,,,,,307,,,,,,,,,,,,,
Viosinho,,,,,,,,,,,,,,,,,,,,,,,,,,,,,225,,,,,,,,,,,,,,,
Vital,,,,,,,,,,,,,,,,,,,,,,,,,,,,,1182,,,,,,,,,,,,,,,
Vitovska,,,,,,,,,,,,,,,,,,,50,,,,,,,,,,,,,,,,,,,,,,,,,
Voskeat,,,809,,,,,,,,,,,,,,,,,,,,,,,,,,,,,,,,,,,,,,,,,
Vranac,,,,,,,,,,,149,,,,,,,,,,,,,,,,,,,,,,,,,,,,,,,,,
Vugava,,,,,,,,,,,36,,,,,,,,,,,,,,,,,,,,,,,,,,,,,,,,,
Vuillermin,,,,,,,,,,,,,,,,,,,4,,,,,,,,,,,,,,,,,,,,,,,,,
Vulcanus,,,,,,,,,,,,,,,,,,5,,,,,,,,,,,,,,,,,,,,,,,,,,
Weldra,,,,,,,,,,,,,,,,,,,,,,,,,,,,,,,,,,,14,,,,,,,,,
Wurzer,,,,,,,,,,,,,,,,,,,,,,,,,,,1,,,,,,,,,,,,,,,4,,
Xara,,,,,,,,,,,,,,,,,,,,,,,,,,,,,0,,,,,,,,,,,,,,,
Xarello,,,,,,,,,,,,,,,,,,,,,,,,,,,,,,,,,,,,8393,,,,,,,,
Xarello Rosado,,,,,,,,,,,,,,,,,,,,,,,,,,,,,,,,,,,,1,,,,,,,,
Xinomavro,,,,,,,,,,,,,,,,,1971,,,,,,,,,,,,,,,,,,,,,,,,,,,
Xynisteri,,,,,,,,,,,,2092,,,,,,,,,,,,,,,,,,,,,,,,,,,,,,,,
Yaqui,,,,,,,,,,,,,,,,,,,,,,,,,,,,,,,,,,,,2,,,,,,,,
Zalagyongye,,,,,,,,,,,,,,,,,,1755,,,,,,,,,,,,,193,,,,,,,,,,,,,
Zalema,,,,,,,,,,,,,,,,,,,,,,,,,,,,,,,,,,,,4097,,,,,,,,
Zametovka,,,,,,,,,,,0,,,,,,,,,,,,,,,,,,,,,,,913,,,,,,,,,,
Zefir,,,,,,,,,,,,,,,,,,49,,,,,,,,,,,,,,,,,,,,,,,,,,
Zengo,,,,,,,,,,,,,,,,,,264,,,,,,,,,,,,,,,,,,,,,,,,,,
Zenit,,,,,,,,,,,,,,,,,,559,,,,,,,,,,,,,21,,,,,,,,,,,,,
Zeta,,,,,,,,,,,,,,,,,,118,,,,,,,,,,,,,,,,,,,,,,,,,,
Zeusz,,,,,,,,,,,,,,,,,,28,,,,,,,,,,,,,,,,,,,,,,,,,,
Zierfandler,,,,,85,,,,,,,,,,,,,32,,,,,,,,,,,,,,,,,,,,,,,,,,
Zlahtina,,,,,,,,,,,135,,,,,,,,,,,,,,,,,,,,,,,,,,,,,,,,,
Zlatarica Vrgorska,,,,,,,,,,,19,,,,,,,,,,,,,,,,,,,,,,,,,,,,,,,,,
Zupljanka,,,,,,,,,,,4,,,,,,,,,,,,,,,,,,,,,,,,,,,,,,,,,
Zweigelt,,,,,6412,,,48,,,123,,811,,,,,2050,37,231,,,,,,,3,,,,,,116,,,,15,,,,,1,,
Other,,,,,,,,,,,,,,,,,,,,,,,,,,,,,,,,,,,,,,,,,,,1639,
Other red,0,0,0,1151,171,537,5772,68,160,0,970,127,51,4795,390,5496,6012,373,15495,0,124,0,389,0,13701,0,251,0,0,2236,90,3450,112,814,16,7525,135,0,3367,0,0,,3656,253
Other white,0,17,4528,1256,1156,1556,3425,72,60,0,1874,190,241,0,2804,28574,3017,3736,6660,0,758,1,235,0,1678,0,746,0,1386,88509,142,11040,256,1608,17,11547,57,0,0,0,0,,2435,264
